restaurant_name,address,rating,page_url,top_7_dishes
Crane Tea - Tạ Quang Bửu - Trà Sữa Pha Máy & Trà Trái Cây Tươi,"735 Tạ Quang Bửu, P. 4, Quận 8, TP. HCM",4.5,https://shopeefood.vn/ho-chi-minh/crane-tea-ta-quang-buu-tra-sua-pha-may-tra-trai-cay-tuoi,
"LẨU QUÊ - Lẩu Gà Lá É, Lẩu Ếch Măng Cay - Đường Số 1","183 Đường Số 1 ( Cư Xá Chu Văn An ), Bình Thạnh, TP. HCM",4.5,https://shopeefood.vn/ho-chi-minh/lau-que-lau-ga-la-e-lau-ech-mang-cay-duong-so-1.1ahd3n,Ếch Chiên Mắm | Lẩu Gà TA Lá É size nhỏ | Lẩu Gà Ta Lá É ( size trung) | Lẩu Gà Ta Lá Giang( nhỏ) | Lẩu Gà Ta Ớt Hiểm ( nhỏ) | Lẩu Gà Ta Lá É (Size Lớn) | Lẩu Gà  Ta Lá Giang (size trung)
Nem Nướng Nha Trang Organic,"Sảnh Block B, Cổng 2, Chung Cư Ehome S, P. Phú Hữu, Thành Phố Thủ Đức, TP. HCM",4.5,https://shopeefood.vn/ho-chi-minh/nem-nuong-nha-trang-organic.rdkhtd,10 Hột gà nướng nhà làm | Phần 2 người - Nem nướng Nha Trang cuốn ( Chưa gồm bún) | Phần 3 người - Nem nướng Nha Trang cuốn (Chưa gồm bún) | Phần 4 người - Nem nướng Nha Trang cuốn (Chưa gồm bún) | Phần 5 người - Nem nướng nha Trang cuốn (Chưa gồm bún) | Phần 6 người - Nem nướng Nha Trang cuốn (Chưa gồm bún) | Bún tươi sạch (100gr)
Gạo Gạo - Cá Viên Chiên & Ăn Vặt - Huỳnh Văn Bánh,"73/39 Huỳnh Văn Bánh, P. 17, Phú Nhuận, TP. HCM",4.5,https://shopeefood.vn/ho-chi-minh/gao-gao-ca-vien-chien-an-vat-huynh-van-banh,Túi mù 10 tặng 2 | Bánh trứng cút thịt phô mai | Bánh trứng cút thịt | Bánh trứng cút full toping | Bánh trứng cút thanh cua | Bánh trứng cút thanh cua phô mai | Bánh trứng cút thịt thanh cua
TRÙM TRÀ SỮA ỐM TEA,"276/60 Hương Lộ 80, P. Bình Hưng Hòa B, Bình Tân, TP. HCM",4.5,https://shopeefood.vn/ho-chi-minh/trum-tra-sua-om-tea,Matcha Latte 7G | MATCHA LATTE recommend | Matcha Latte Banana | Matcha Oatmilk | SỮA YẾN MẠCH CHOCO | CHOCO LATTE | Creamy Matcha Latte
CHURROS CLUB - Coffee & Bar - Xuân Thuỷ,"88 Xuân Thuỷ, P. Thảo Điền, Thành Phố Thủ Đức, TP. HCM",4.5,https://shopeefood.vn/ho-chi-minh/churros-club-coffee-bar-xuan-thuy,10 BÁNH ĐƯỜNG QUẾ  /  CINNAMON & SUGAR CHURROS (SAUCE AND TOPPINGS NOT INCLUDED) | 16 BÁNH ĐƯỜNG QUẾ  /  CINNAMON & SUGAR CHURROS (SAUCE AND TOPPINGS NOT INCLUDED) | 5 BÁNH CHURROS ĐƯỜNG QUẾ  /  5 CINNAMON & SUGAR CHURROS (NO SAUCE AND TOPPINGS) | Dulche De Leche | Chocolate | White Chocolate | NUTELLA SAUCE
Ốc Ngon Vĩnh Lộc - Quách Điêu,"316 Quách Điêu, X. Vĩnh Lộc A, Bình Chánh, TP. HCM",4.5,https://shopeefood.vn/ho-chi-minh/oc-ngon-vinh-loc-quach-dieu,Nghêu Hấp thái | Nghêu hấp xả | Ốc móng tay xào mì | Sò lông nướng mỡ hành | Sò dẹo nướng mỡ hành | Ốc lác hấp sả | Ốc cà na rang muối
"Chư Bát Giới - Mì Trộn, Cá Viên & Bắp Xào - Liên Khu 16 - 18","92/27 Liên Khu 16 - 18, Bình Tân, TP. HCM",4.5,https://shopeefood.vn/ho-chi-minh/chu-bat-gioi-mi-tron-ca-vien-bap-xao-lien-khu-16-18.ra3bi2,
Mẹt Tre - Bún Đậu Mắm Tôm - Hoàng Diệu,"177 Hoàng Diệu 2, P. Linh Trung, Thành Phố Thủ Đức, TP. HCM",4.5,https://shopeefood.vn/ho-chi-minh/met-tre-bun-dau-mam-tom,"Nếu có bất kỳ sai sót nào, vui lòng gọi số 0329988596 để được bồi hoàn thiếu sót cho quý khách | Combo bún đậu tá lả 2 người + 2 Trà tắc | Bún đậu thịt | Bún đậu nem | Bún đậu chả | Combo bún đậu tá lả 2 người | Bún Đậu Tá Lả + Trà Tắc"
Gà Nướng Định Ký - Tiệm Mì Trộn & Tokbokki,"103 Nam Cao, P. Tân Phú, Thành Phố Thủ Đức, TP. HCM",4.5,https://shopeefood.vn/ho-chi-minh/ga-nuong-dinh-ky-tiem-mi-tron-tokbokki,Cơm Lam Ống Tre | Cơm Lam Ống Tre | 5 Cái Bánh Bao Chiên | Dồi Sụn Nướng | Nem Nướng Than | Lạp Xưởng Nướng | Nữa Gà Nướng
Nhà Cua CN3 - Cua Cà Mau Chế Biến - Điện Biên Phủ,"482/3 Điện Biên Phủ, P. 11, Quận 10, TP. HCM",4.5,https://shopeefood.vn/ho-chi-minh/nha-cua-cn3-cua-ca-mau-che-bien-dien-bien-phu,Cua hấp 1 con size lớn | Cua gạch 1 con size vừa | Cua gạch 1 con size lớn | Cua Gạch 2 Con Size Vừa | Cua Gạch 2 Con Size Nhỏ | Cua Gạch 2 Con Size Lớn | Cua Gạch 2 Con Size To Vừa
Tiger Sugar - Đường Nâu Sữa,"25 Đường S3, P. Tây Thạnh, Tân Phú, TP. HCM",,https://shopeefood.vn/ho-chi-minh/tiger-sugar-duong-nau-sua,Cà Phê Socola Kem Muối | Cacao Kem Muối | Cà Phê Sữa Đá | Cà Phê Kem Muối | Đường Nâu Kem Cheese | Đường Nâu Machiato | Đường Nâu Cappuchino
Bò Né 3 Ngon - 810 Huỳnh Tấn Phát,"810 Huỳnh Tấn Phát, P. Tân Phú, Quận 7, TP. HCM",4.5,https://shopeefood.vn/ho-chi-minh/bo-ne-3-ngon-810-huynh-tan-phat,Chảo thập cẩm | Chảo 1 | Bò số 1 | Bò số 2 | Bò số 3 | Opla 5 món | Bánh mì
"Tạp Hóa Ăn Vặt - Mì Xào, Cá Viên Chiên & Bánh Tráng - Đường 385","111/8 Đường 385, P. Tăng Nhơn Phú A, Thành Phố Thủ Đức, TP. HCM",4.5,https://shopeefood.vn/ho-chi-minh/tap-hoa-an-vat-mi-xao-ca-vien-chien-banh-trang-duong-385,Cá Viên Chiên Mắm Tỏi Vừa | Bánh Tráng Trộn Vừa | Cá Viên Chiên Mắm Tỏi Vừa | Combo Cá Viên Chiên Vừa | Đậu Hủ Rau Răm Muối Tiêu ( 1 miếng) | Mì Xào Cá Viên Mắm Tỏi Vừa | Trứng Cút Cháy Bơ Tỏi
LY VITAMIN - Đường Số 4,"01 Đường Số 4, P. Bình Hưng Hoà A, Bình Tân, TP. HCM",5.0,https://shopeefood.vn/ho-chi-minh/ly-vitamin-duong-so-4,Nước ép Lê | Nước ép Táo | Nước ép Cà Rốt | Nước ép Ổi | Nước ép Thơm | Sinh tố Bơ | Sinh tố Sapoche
Ăn Vặt Ú Ù Muội,"80 Phan Huy Ích, P. 15, Gò Vấp, TP. HCM",4.5,https://shopeefood.vn/ho-chi-minh/an-vat-u-u-muoi,
Khô Gà Lá Chanh - Ăn Vặt Ngon - 187 Trần Văn Đang,"187/6 Trần Văn Đang, P. 11, Quận 3, TP. HCM",4.5,https://shopeefood.vn/ho-chi-minh/kho-ga-la-chanh-an-vat-ngon-187-tran-van-dang,Mì trộn gà viên | Cơm trộn trứng thịt bằm | Cơm trộn trứng | Cơm trộn thịt bằm kim chi | Combo lạp xưởng nướng đá+ nước ngọt | Combo xúc xích hải sản+ nước ngọt | Box pizza+ gà rán+ khoai tây chiên
Bún Đậu Cậu Ngố - Đường Số 11,"78/44/10A Đường Số 11, P. 11, Gò Vấp, TP. HCM",4.5,https://shopeefood.vn/ho-chi-minh/bun-dau-cau-ngo-duong-so-11,Mắm tôm | Liên hệ quán 0914005150 | Bún đậu thập cẩm | Bún đậu thập cẩm 2 người | Bún đậu tá lả (8 topping) | Bún đậu chả cốm | Bún đậu tá lả lớn (2-3người)
Cô Thúy - Bánh Tráng Trộn Muối Tỏi - 234/4/2 Nguyễn Văn Đậu,"234/4/2 Nguyễn Văn Đậu, P. 11, Bình Thạnh, TP. HCM",4.5,https://shopeefood.vn/ho-chi-minh/co-thuy-banh-trang-tron-muoi-toi-234-4-2-nguyen-van-dau,"Phương sương satế muối nhuyễn hành phi | Phương sương satế muối nhuyễn hành phi | Phơi sương muối gánh satế hành phi tôm | Phơi sương muối hạt satế cay | Phơi Sương satế tỏi | Bánh tráng phơi sương, muối tép hành phi, 2 bịch bơ | Phơi sương muối tắc"
Gà Nướng Muối Ớt Ngọc Tiên - Thoại Ngọc Hầu,"207 Thoại Ngọc Hầu, P. Phú Thạnh, Tân Phú, TP. HCM",4.5,https://shopeefood.vn/ho-chi-minh/ga-nuong-muoi-ot-ngoc-tien-thoai-ngoc-hau,1 Con gà nướng muối ớt | 1 Con gà nướng sốt sa kê | 1 Con Gà Nướng Sốt Sa Kê  + 2 Cái Bánh Bao Chiên | 1 Con Gà Nướng Muối Ớt + 2 Cái Bánh Bao Chiên | 1 Con Gà Nướng sốt + 5 Bánh Bao chiên | 2 Con Gà Nướng Muối Ớt | 2 Con Gà Nướng Sốt Sa Kê
Thaideli - Lẩu Thái & Món Thái - Kênh Tân Hóa,"Đầm Sen Square, Kênh Tân Hóa, P. 3, Quận 11, TP. HCM",4.5,https://shopeefood.vn/ho-chi-minh/thaideli-lau-thai-mon-thai-kenh-tan-hoa,A1 - Combo Lẩu Thái Tomyum đặc biệt 3-4 | A2 - Combo Lẩu Thái Tomyum Thaideli 4-6 | Sốt Thái Pataya | A0 - Combo Lẩu Thái Tomyum Thaideli 2-3 | Lẩu Thái Tomyum thập cẩm (2-3) | Lẩu Thái bò nấm kim châm (2-3người) | Ba Chỉ Bò Mỹ 200gr
Chiang Thai Delivery - Quận 10,"104/59 Thành Thái, P. 12, Quận 10, TP. HCM",4.5,https://shopeefood.vn/ho-chi-minh/chiang-thai-delivery-quan-10,Pad Thai Tôm | Pad Thai Bò | Hủ tiếu áp chảo với Tôm | Pad Thai Gà | Hủ tiếu mềm xào thịt Bò | Hủ tiếu mềm xào gà | Cơm chiên Cua
Gỏi Đu Đủ & Chân Gà Sốt Thái A Quyết,"46 Tăng Nhơn Phú, P. Phước Long B, Thành Phố Thủ Đức, TP. HCM",4.5,https://shopeefood.vn/ho-chi-minh/goi-du-du-chan-ga-sot-thai-a-quyet,TRÀ TẮC THÁI XANH | ¶ 0969796131 | Gỏi đu đủ Thái Lan chân sứa | Gỏi đu đủ ba khía Thái Lan | Gỏi đu đủ Thái Lan | Gỏi đu đủ Thập cẩm | Gỏi đu đủ Thái Lan đặc biệt
Minh Mèo - Cơm Tấm Đêm,"36 Vườn Lài, P. Tân Thành, Tân Phú, TP. HCM",4.5,https://shopeefood.vn/ho-chi-minh/minh-meo-com-tam-dem,Cơm Thêm | Cơm sườn ốp la | Cơm sườn bì chả | Cơm sườn | Món thêm | Cơm gà nướng | Ba  rọi  nướng
Hàu Nướng Mr Gờ - Tây Thạnh,"227A Tây Thạnh, P. Tây Thạnh, Tân Phú, TP. HCM",4.5,https://shopeefood.vn/ho-chi-minh/hau-nuong-mr-go-tay-thanh,Hàu nướng mỡ hành | Hàu phô mai | Hàu mù tạt | Hàu nướng mọi | Hàu nướng bơ tỏi | Hàu nướng tiêu xanh | Hàu sốt Thái
Nhẹ Tênh Coffee & Tea - Lê Văn Lương,"552 Lê Văn Lương, P. Tân Phong, Quận 7, TP. HCM",5.0,https://shopeefood.vn/ho-chi-minh/nhe-tenh-coffee-tea-le-van-luong,HOTLINE HỖ TRỢ MỌI VẤN ĐỀN LIÊN QUAN ĐẾN SẢN PHẨM & DỊCH VỤ 0708927799 | Cacao Muối | Trà Lài Macchiato | Café Muối | Phin Sữa Đá | Expresso sữa (cf sữa pha máy) | Café Bạc Hà
Ăn Vặt Cá Viên Chiên Mắm Tỏi Mẹ Cá - Quốc Lộ 13,"204/12A1 Quốc Lộ 13, P. 26, Bình Thạnh, TP. HCM",4.5,https://shopeefood.vn/ho-chi-minh/an-vat-ca-vien-chien-mam-toi-me-ca-quoc-lo-13,
Chè Thái Biển Ngọc - Võ Oanh,"1/3 Võ Oanh, P. 25, Bình Thạnh, TP. HCM",4.5,https://shopeefood.vn/ho-chi-minh/che-thai-bien-ngoc-vo-oanh,Chè Thái Sầu Riêng | Chè Thái thêm Sầu Riêng | Chè Thái không Sầu Riêng | Chè Đậu Thập Cẩm Sữa Dừa | Chè Đậu Đỏ Sữa Dừa | Chè Đậu Đen Sữa Dừa | Chè bắp
Thiện Nhân - Gà Quay Gà Nướng Cơm Lam,"1/18 Trần Văn Mười, Ấp 2, X. Xuân Thới Sơn, Hóc Môn, TP. HCM",4.5,https://shopeefood.vn/ho-chi-minh/thien-nhan-ga-quay-ga-nuong-com-lam,
Tensho - Cơm Obento - Tân Khai,"24 Tân Khai, P. 4, Tân Bình, TP. HCM",4.5,https://shopeefood.vn/ho-chi-minh/tensho-com-obento-tan-khai,Combo Obento trứng cuộn & gà xốt Teriyaki + súp | Combo bento full ( bento + súp + trà tắc 360ml) | Combo Obento ba rọi kim châm+ Trà Tắc | Combo chốt hạ | Obento Trứng Cuộn & Gà Teriyaki Salad | Obento Ba Rọi Cuộn Nấm Kim Châm | Obento Bò Gyudon
Bánh Tráng Trộn Chị Tuyết 2 - Bánh Tráng Cuốn - Nguyễn Trãi,"245/69/7 Nguyễn Trãi, P. Nguyễn Cư Trinh, Quận 1, TP. HCM",4.5,https://shopeefood.vn/ho-chi-minh/banh-trang-tron-chi-tuyet-2-banh-trang-cuon-nguyen-trai,Bánh tráng cuốn | Bánh tráng trộn | Bánh tráng bơ mỡ hành | Bánh tráng trộn sate muối bò | Bánh tráng trộn sate bò đen | Bánh tráng chấm lòng đào | Bánh tráng cuốn
Kiến Gia - Cá Viên Chiên - Ấp Tam Đông,"112/4F Tổ 93 Ấp Tam Đông, Hóc Môn, TP. HCM",5.0,https://shopeefood.vn/ho-chi-minh/kien-gia-ca-vien-chien-ap-tam-dong.x0jcj9,"[SUPER DEAL] Cá Viên Chiên | [Thông Báo] Sốp vẫn giữ nguyên giá, mặc kệ thuế :))) | [Mustry] Trà Tắc Ngon Điên! | [COMBO] Chiên Nhỏ 1 | [COMBO] Cá Viên Chiên Lớn Tá Lả | [COMBO] Chiên Nhỏ 3 | [COMBO] Chiên Nhỏ 2"
Bánh Kem Dâu Tây - Quang Trung,"1/32 Quang Trung, TT. Hóc Môn, Hóc Môn, TP. HCM",4.5,https://shopeefood.vn/ho-chi-minh/banh-kem-dau-tay-quang-trung,Bánh kem bắp mini trái cây size14 | Bánh kem bắp phô mai trái cây tươi sz18 | Bánh kem bắp mini dâu tây đẹp sz16 | Bánh kem bắp mini trái cây nhiệt đới sz14 | Bánh kem mini trái cây sz14 | Bánh kem mini kem chảy việt quất sz14 | Bánh kem mini dâu tây đẹp sz16
Thành Đạt - Hủ Tiếu Nam Vang - 22C Nguyễn Hữu Cầu,"22C Nguyễn Hữu Cầu, P. Tân Định, Quận 1, TP. HCM",4.5,https://shopeefood.vn/ho-chi-minh/thanh-dat-hu-tieu-nam-vang-22c-nguyen-huu-cau,Hủ Tiếu Nam Vang Thành Đạt (Khô) | Hủ Tiếu Nam Vang Thành Đạt (Nước) | 01 Hủ Tiếu Nam Vang Thập Cẩm + 01 Hủ Tiếu Nam Vang Lấy Xương | COMBO Hủ Tiếu Nam Vang + Nước Tự Chọn | COMBO: 02 Hủ Tiếu Nam Vang + 02 Sâm Lạnh | Hủ Tiếu Nam Vang ĐẶC BIỆT Có Xương | Hủ Tiếu Mì Lấy Xương
LEN CAJUN - HẢI SẢN XỐT CAJUN - Xô Viết Nghệ Tĩnh,"886/33 Xô Viết Nghệ Tĩnh, P. 25, Bình Thạnh, TP. HCM",4.5,https://shopeefood.vn/ho-chi-minh/len-cajun-hai-san-xot-cajun-xo-viet-nghe-tinh,Combo C1 Thịt càng cua | Combo C6-Tôm hùm đất | S1C-Set 200g thịt càng cua nhỏ bóc sẵn | S2C - Set 350g thịt càng cua nhỏ bóc sẵn | Set 300g tôm xông muối (9-12 con) | Set 500g chân cua tuyết | Set 350g thịt càng cua size khủng
Oh Tea - Trà Sữa & Bánh Tráng - Nguyễn Văn Nghi,"362 Nguyễn Văn Nghi, P. 7, Gò Vấp, TP. HCM",4.5,https://shopeefood.vn/ho-chi-minh/oh-tea-tra-sua-banh-trang-nguyen-van-nghi,TRÀ SỮA PHÔ MAI TƯƠI | Trà sữa truyền thống | Trà tắc Thái đỏ hạt chia | Trà tắc Thái xanh hạt chia | Hồng trà OH TEA | Trà Đào | Trà Vải
Bò Né 3 Ngon - Bò Quanh Lửa Hồng - 116 Tây Thạnh,"116C Tây Thạnh, P. Tây Thạnh, Tân Phú, TP. HCM",4.5,https://shopeefood.vn/ho-chi-minh/bo-ne-3-ngon-bo-quanh-lua-hong-116-tay-thanh,Combo Bò Né Đặc Biệt + Coca | Combo Bò Né Truyền Thống + Coca | Bò lúc lắc nhỏ | Bò Lúc Lắc Mini Thơm Ngon | Bò Lúc lắc lớn | Bò Lúc lắc trung | Bò né truyền thống
Ci Cha - Trà Sữa Hongkong - Ung Văn Khiêm,"266 Ung Văn Khiêm, P. 25, Bình Thạnh, TP. HCM",4.5,https://shopeefood.vn/ho-chi-minh/ci-cha-tra-sua-hongkong-ung-van-khiem,Trà Lài Mật ong 3q | Trà Tắc  Xí Muội Trân Châu Trắng | Trà sữa truyền thống | Hồng Trà Ủ Lạnh | Trà sữa Oolong Cicha | Hồng trà sữa Cicha | Trà sữa Matcha
Cháo Ếch Geylang A Bảo - Phạm Văn Đồng,"81 Phạm Văn Đồng, P. 3, Gò Vấp, TP. HCM",4.5,https://shopeefood.vn/ho-chi-minh/chao-ech-geylang-a-bao-pham-van-dong,Cháo ếch phần 1 con | Cháo ếch phần 3 con | Cháo ếch phần 1 con | Cháo ếch phần 2 con | Đĩa rau củ | Bánh mỳ | Cháo ếch phần 3 con
The Coffee Bean & Tea Leaf - Nguyễn Huệ,"101 Nguyễn Huệ, P. Bến Nghé, Quận 1, TP. HCM",4.5,https://shopeefood.vn/ho-chi-minh/the-coffee-bean-tea-leaf-nguyen-hue,Combo 3 Ly đồng giá 99k (size R) | WHITE COFFEE (ICED) | CARAMEL MACCHIATO (ICED) | CARAMEL MACCHIATO (HOT) | BLACK COFFEE (ICED) | AMERICANO (ICED) | CAPPUCCINO (HOT )
BÁNH TRÁNG CÔ SÁU,"33 Lê Ngã, Tân Phú, TP. HCM",4.5,https://shopeefood.vn/ho-chi-minh/banh-trang-co-sau,Trà Dâu Tằm-700ml | Trà Tắc Khổng Lồ | Nước sâm dòi thân tím bổ phổi (Nhà làm) | Trà Dâu Tằm-700ml | Trà Mãng Cầu-ly 700ml | Sữa chua Dâu Tằm - Ly 700ml | Trà Nhãn Ly 700ml
CƠM TẤM 365 - Quận 1,"194 Nguyễn Thái Học, P. Cầu Ông Lãnh, Quận 1, TP. HCM",4.5,https://shopeefood.vn/ho-chi-minh/com-tam-365-quan-1,Housemade Ice Tea | Trà đá Lớn 700ml | Cơm Tấm Long Xuyên Nâng Cao | Cơm Tấm Long Xuyên Cơ Bản | Cơm Tấm Long Xuyên Đặc Biệt 365 | Cơm Sườn Trứng | Grilled Pork Chop + Fried Egg | Cơm Tấm Sườn 365 | Grilled pork chop Com Tam | Cơm Sườn Bì Chả | Grilled Pork Chop + Shredded Pork Skin+ Steamed Egg Meatloaf
Xe Trà Hẻm 55 - Nguyễn Văn Công,"55/122 Nguyễn Văn Công, P. 3, Gò Vấp, TP. HCM",5.0,https://shopeefood.vn/ho-chi-minh/xe-tra-hem-55-nguyen-van-cong,
Hoành Thánh Thịt Bảo Minh - Bà Hom,"269/12B/16 Bà Hom, P. 13, Quận 6, TP. HCM",4.5,https://shopeefood.vn/ho-chi-minh/hoanh-thanh-thit-bao-minh-ba-hom,BÁNH CANH THẬP CẨM | HỦ TIẾU MÌ HOÀNH THÁNH THỊT | Hủ Tiếu (dai) Phèo | Mì Gói Bò Viên | HOÀNH THÁNH THỊT | Hủ Tiếu Mì Phèo | Mì Gói Thập Cẩm
Xôi Xéo Chang Béo - CMT8,"462/2/11 Cách Mạng Tháng 8 (Đến Số 462/15 Thì Quẹo Phải), P. 11, Quận 3, TP. HCM",4.5,https://shopeefood.vn/ho-chi-minh/xoi-xeo-chang-beo-cmt8,Xôi chay | Xôi xéo Chả mỡ | Xôi xéo ruốc (chà bông) | Xôi chay | Xôi xéo Thịt kho tàu | Xôi xéo Pate | Xôi xéo Lạp xưởng
Tiệm Ăn HongKong Anh Ba - Phạm Văn Đồng,"61 Phạm Văn Đồng, P. Hiệp Bình Chánh, Thành Phố Thủ Đức, TP. HCM",4.5,https://shopeefood.vn/ho-chi-minh/tiem-an-hongkong-anh-ba-pham-van-dong,Sủi Cảo Sốt Dầu Hào | Sủi Cảo Chiên | Chân Gà Hấp Tàu Xì | Sủi Cảo Hấp | Combo 10 viên Dimsum thập cẩm | Combo thập cẩm 5 viên | Há cảo tôm 5 viên
BaBo - Cháo Ếch & Súp Bào Ngư,"162/4 Nguyễn Thái Sơn, P. 4, Gò Vấp, TP. HCM",4.5,https://shopeefood.vn/ho-chi-minh/babo-chao-ech-sup-bao-ngu,4 Ếch Singapore + 2 Cháo + 1 Coca Lon | 4 Ếch Sate Cay + 2 Cháo + 1 Coca Lon | 4 Ếch Sệt Bơ Tỏi + 2 Bánh Mì + 1 Coca Lon | 2 Ếch Singapore + 1 Cháo sánh dẻo | 1 Ếch Singapore + 1 Cháo sánh dẻo | 2 Ếch Sa Tế Cay + 1 Cháo sánh dẻo | 2 Ếch Sệt Bơ Tỏi + 1 Bánh Mì
LiLi Cake - Nguyễn Thượng Hiền,"102 Nguyễn Thượng Hiền, P. 5, Quận 3, TP. HCM",0.0,https://shopeefood.vn/ho-chi-minh/lili-cake-nguyen-thuong-hien,TIRAMISU ĐẬP VỊ CACAO MASCARPONE | TIRAMISU ĐẬP VỊ TRÀ XANH MASCARPONE | BÁNH KEM BẮP SIZE NHỎ 14CM | BÁNH KEM BẮP SIZE TO 18CCM | BÁNH KEM BẮP SIZE BỰ 20CM | BÁNH KEM BẮP SIZE VỪA 16CM | BÁNH KEM HÀN QUỐC XINH XẮN SIZE 12
Kem Bơ - Trái Cây Tô 251 - Đoàn Văn Bơ,"516 Đoàn Văn Bơ, P. 14, Quận 4, TP. HCM",4.5,https://shopeefood.vn/ho-chi-minh/kem-bo-trai-cay-to-251-doan-van-bo,Mì - Burger - Nui Tự Chọn 1 Món | Trà Trái Cây 251 Tự Chọn | Nước Ép 251 Tự Chọn | Ăn Vặt 251 Tự Chọn | Sinh Tố 251 Tự Chọn | Trái Cây Tự Chọn | Kem Bơ Dừa (Kem Bơ Đà Lạt)
Cơm Tấm Long Xuyên - Q1 Nguyễn Thái Học,"194 Nguyễn Thái Học, P. Cầu Ông Lãnh, Quận 1, TP. HCM",0.0,https://shopeefood.vn/ho-chi-minh/com-tam-long-xuyen-q1-nguyen-thai-hoc,Cơm Tấm Long Xuyên Nâng Cao (+ Lạp xưởng) | Cơm Tấm Sườn Bì Chả | Bún Thịt Nướng Đầy Đủ | Cơm Tấm Long Xuyên Nâng Cao (+ Lạp xưởng) | Cơm Tấm Long Xuyên Cơ bản | Long Xuyen Comtam Style | CƠM TẤM LONG XUYÊN ĐẶC BIỆT 365 | Cơm Tấm Sườn Ốp La
Trà Sữa Nhật Bản Kokoro - Lê Văn Lương,"163 Lê Văn Lương, Xã Phước Kiển, Nhà Bè, TP. HCM",4.5,https://shopeefood.vn/ho-chi-minh/tra-sua-nhat-ban-kokoro-le-van-luong,Trà Sữa Hoa Anh Đào | Trà Dâu | Trà Lài Tứ Quý Mãng Cầu | Trà Sữa Olong Khoai Môn Tươi | Trà Sữa Kem Trứng Nướng Nhật Bản | Trà Cherry Long Nhãn | Trà Táo Xanh Nha Đam
Bếp Nhà Nhí Cơm Mì Xào Bún Gạo - Trương Phước Phan,"38/4 Trương Phước Phan, P. Bình Trị Đông, Bình Tân, TP. HCM",4.5,https://shopeefood.vn/ho-chi-minh/bep-nha-nhi-com-mi-xao-bun-gao-truong-phuoc-phan,Cơm Chiên Tôm Trứng + ( 1ly trà tắc) | Cơm Chiên Hải Sản +(1ly trà tắc ) | Cơm Chiên Hải Sản | Cơm Chiên Tôm Trứng | Hộp giấy | Combo (1tôm trứng + 1chiên hải sản) + 1Coca | Combo 2 tôm trứng + 1coca
Trà Bí Đao & Trà Sữa Taiwan - Ms.Bí - Phan Văn Hớn,"1/3C Phan Văn Hớn, X.Bà Điểm, Hóc Môn, TP. HCM",4.5,https://shopeefood.vn/ho-chi-minh/tra-bi-dao-tra-sua-taiwan-ms-bi-phan-van-hon,Trà Bí Đao Sương Sáo Hạt Chia | Trà Sữa Bí Đao | Trà Bí Đao Tươi Nha Đam | Trà Sữa OLong Châu | Trà Bí Đao Ms.Bí | Trà Bí Đao Lựu Đỏ | Hồng Trà Bí Đao
Chân Gà Nướng & Bạch Tuộc Nướng - Đoàn Văn Bơ,"355 Đoàn Văn Bơ, P. 13, Quận 4, TP. HCM",4.5,https://shopeefood.vn/ho-chi-minh/chan-ga-nuong-bach-tuoc-nuong-doan-van-bo,Chân gà nướng sate | Chân gà nướng sate | Chim cút nướng sate | Mề gà nướng sate | Đậu bắp nướng | Cánh gà nướng sate | Bạch tuộc Nướng ( Phần Nhỏ)
Lachca Lachcach - Matcha & Kàfe - Bình Thới,"19/15B Bình Thới, P. 11, Quận 11, TP. HCM",5.0,https://shopeefood.vn/ho-chi-minh/lachca-lachcach-matcha-kafe-binh-thoi,Matcha Oatside | Earl Grey Matcha Latte | Houjicha Oatside | 0853 155 002 | lưu ý chọn đá | Matcha Latte | Matcha Oatside
Thiệt Coffee & Tea CN1 - Matcha Latte - Bùi Đình Tuý,"24/22 Bùi Đình Tuý, P. 26, Bình Thạnh, TP. HCM",4.5,https://shopeefood.vn/ho-chi-minh/thiet-coffee-tea-cn1-matcha-latte-bui-dinh-tuy,0903598147 - LH ĐỂ ĐC HỖ TRỢ Ạ | MATCHA LATTE | MATCHA (UJI) LATTE | MATCHA (SATOEN) LATTE | HOUJICHA LATTE | Cafe Caramel Muối | Matcha Latte Caramel
Tré Trộn Cô Út - Tré Trộn & Chân Gà Sốt Thái - 18 Đường Số 20,"18 Đường Số 20, P. Hiệp Bình Chánh, Thành Phố Thủ Đức, TP. HCM",4.5,https://shopeefood.vn/ho-chi-minh/tre-tron-co-ut-tre-tron-chan-ga-sot-thai-18-duong-so-20,chân gà rút xương sốt Thái | chân gà rút xương ngâm sả tắc | chân gà sốt thái mix trứng non | Chân gà rút xương sốt thái ( 4 bạn cùng ăn) | Tré Trộn Thập Cẩm siêu ngon(  tặng phồng tôm) | Tré Trộn Thập Cẩm Nhỏ ( tặng phồng tôm) | Trà tắt mứt xí muội
Cơm Tấm Tây Đô - Trường Chinh,"369 Trường Chinh, P. 14, Tân Bình, TP. HCM",4.5,https://shopeefood.vn/ho-chi-minh/com-tam-tay-do-truong-chinh,Combo: Cơm sườn bì chả + Canh rong biển tặng kèm 1 coca | CƠM BA RỌI CHIÊN SẢ ỚT ( DELICIOUS ) | CƠM GÀ NƯỚNG MẬT ONG | CƠM BA RỌI NƯỚNG SẢ ỚT | CƠM SƯỜN CÂY NƯỚNG MẬT ONG | CƠM TRỨNG CHIÊN VỚI THỊT BẰM | CANH HỦ QUA
TUTIMI - Milo Dầm - Trà Sữa & Coffee - Nguyễn Tri Phương,"372 Đ. Nguyễn Tri Phương, P. 4, Quận 10, TP. HCM",4.5,https://shopeefood.vn/ho-chi-minh/tutimi-milo-dam-tra-sua-coffee-nguyen-tri-phuong,Combo Năng Lượng_3 Ly | Milo Dầm Phô Mai Sữa Tươi Tutimi | Bánh tráng Phô Mai | Cà phê Sữa Tutimi | Latte Sữa Dừa Tutimi M | Cà Phê Kem Muối Biển Tutimi M | Cà phê Sữa Tươi Tutimi M
"MÀU PHƯƠNG ĐÔNG - Trà Ngon, Kem Ngon & Món Ăn Ngon - Làng Báo Chí","14 Đường 4, Làng Báo Chí, P. Thảo Điền, Thành Phố Thủ Đức, TP. HCM",4.5,https://shopeefood.vn/ho-chi-minh/mau-phuong-dong-tra-ngon-kem-ngon-mon-an-ngon-lang-bao-chi,Lục trà lài sữa tươi - size M | Combo 2 trà sữa đặc biệt (size M) | Combo trà Hoa Cúc - Signature (size M) | Combo 3 trà sữa truyền thống (size M) | Trà Quýt Cúc Mật Ong (Signature & Best Seller) - size M | Trà hương thảo mộc - size M | Trà vải Thanh Hà - size M
Bánh Flan Phương Thảo - Nguyễn Súy,"138/17 Nguyễn Súy, P. Tân Quý, Tân Phú, TP. HCM",4.5,https://shopeefood.vn/ho-chi-minh/banh-flan-phuong-thao-nguyen-suy,"nước cam tắc | xôi lá cẩm | xôi gà xé | xôi gà xé , không trứng | bánh canh cua đồng | Flan truyền thống 1 cái | Flan phô mai 1 cái"
Bún Đậu Gánh Xưa - Thoại Ngọc Hầu,"116 Thoại Ngọc Hầu, P. Phú Thạnh, Tân Phú, TP. HCM",3.5,https://shopeefood.vn/ho-chi-minh/bun-dau-ganh-xua-thoai-ngoc-hau,"Bún Đậu Đặc Biệt (đậu, Thịt, Chả Cốm, Nem Chua Rán, Dồi Sụn) | Combo Đặc Biệt 2 Người | Bún Đậu Tá Lả ( Đậu, Thịt, Chả Cốm, Dồi Sụn) | Combo 2 Bún Đậu Tá Lả | Trà Tắc | Bún đậu đặc biệt + pepsi | Bún đậu đặc biệt + ôlong"
Gà Nướng & Gà Bó Xôi Thành Công - 451/29/27 Tô Hiến Thành,"451/29/27 Tô Hiến Thành, P. 14, Quận 10, TP. HCM",3.5,https://shopeefood.vn/ho-chi-minh/ga-nuong-ga-bo-xoi-thanh-cong-451-29-27-to-hien-thanh,"Nem chua chiên giòn | Chả cốm chiên giòn | Combo 1/2 Gà Nướng Muối Ớt Cắt Sẵn + 1/2 Gà Ủ Muối Cắt Sẵn +2 Trà Tắc | Nem chua rán 1k- 1  cây nem | Combo 1,5 Gà Nướng Muối Ớt Cắt Sẵn + 1/2 Gà Ủ Muối Cắt Sẵn + 3 Trà Tắc | 1/2 gà nướng mật ong | 1/2 Gà nướng muối ớt nừa con"
Chân Con Gà Sốt Thái,"53/1 Hẻm 53 Bùi Văn Ba, P. Tân Thuận Đông, Quận 7, TP. HCM",4.5,https://shopeefood.vn/ho-chi-minh/chan-con-ga-sot-thai,"Thập Cẩm (tự chọn 3 món) ( Nhỏ) | Chân Gà,Trứng Non (Nhỏ) | Thập Cẩm (tự chọn 3món) ( Lớn) | Chân Gà Sốt Thái (Lớn) | Chân Gà, Trứng Non ( Lớn) | Chân Gà Sốt Thái (nhỏ) | Trứng non sốt thái"
Trà Sữa HongKong Baley - Ung Văn Khiêm,"143 Ung Văn Khiêm, P. 25, Bình Thạnh, TP. HCM",4.5,https://shopeefood.vn/ho-chi-minh/tra-sua-hongkong-baley-ung-van-khiem,Trà Sữa HongKong Baley | Matcha Latte | Trà Sữa Sốt Khoai Môn Nghiền | Trà Sữa Sốt Phô Mai Dẻo | Trà Sữa Sốt Khoai Môn Nghiền Kem Trứng Nướng | Sữa Tươi Sốt Khoai Môn Nghiền | Sữa Tươi Sốt Phô Mai Dẻo
Quán Như Ý - Gà Nướng Lu & Vịt Quay Mắc Mật - 293 Nguyễn Thị Định,"293 Nguyễn Thị Định, Thành Phố Thủ Đức, TP. HCM",4.5,https://shopeefood.vn/ho-chi-minh/ga-nuong-lu-vit-nuong-lu-nguyen-thi-dinh,Trà tắc | Nước sấu | Bò húc | Coca | Sting | Pepsi | Trà xanh không độ
Phở Dũng - Phạm Thế Hiển,"811 Phạm Thế Hiển, P.4, Quận 8, TP. HCM",4.5,https://shopeefood.vn/ho-chi-minh/pho-dung-pham-the-hien,COMBO 2 PHỞ TÔ LỚN 140k | COMBO 2 PHỞ ĐB Kèm Topping 160k | COMBO 2 PHỞ NHỎ 120k | 1 PHỞ ĐẶC BIỆT + 1Lon NƯỚC 100k | COMBO 1 PHỞ ĐB + 1 BÒ KHO TÔ LỚN 150k | PHỞ TÔ LỚN + Nước 90k | COMBO BÒ KHO ĐB + NƯỚC 100k
Ăn Vặt Gia Phát - Cá Viên Chiên & Gà Ủ Muối,"174/12 Dương Quảng Hàm, P. An Nhơn, Gò Vấp, TP. HCM",4.5,https://shopeefood.vn/ho-chi-minh/an-vat-gia-phat-ca-vien-chien-ga-u-muoi,Combo Cá Viên Chiên Nhỏ + Thêm 1 Chai Pepsi | Combo Cá Viên Chiên Thập Cẩm Nhỏ + Thêm 1 Chai Pepsi | Combo Cá Viên Chiên Phần Lớn + Thêm 1 Chai Pepsi | Combo Cá Viên Chiên Thập Cẩm Phần Lớn + Thêm 1 Chai Pepsi | Combo Cá Viên Chiên Thập Cẩm Khổng Lồ + Thêm 1 Chai Pepsi | Combo Cá Viên Chiên Nhỏ | Combo Cá Viên Chiên Thập Cẩm Phần Nhỏ
"Win Win - Ăn Vặt, Cá Viên Chiên - 72 Xóm Chiếu","72 Xóm Chiếu, P. 14, Quận 4, TP. HCM",5.0,https://shopeefood.vn/ho-chi-minh/win-win-an-vat-ca-vien-chien-72-xom-chieu,Free Síp Q4 | Cá Viên Chiên Thập Cẩm Sốt Mắm Tỏi Nhỏ | Cá Viên Chiên Thập Cẩm Nhỏ | Cá Viên Chiên Thập Cẩm Sốt Nước Mắm Nhỏ + Trà Chanh | Cá Viên Chiên Thập Cẩm Lớn | Cá Viên Chiên Thập Cẩm Nước Mắm Lớn + 2 ly Trà Chanh | Cá Viên Chiên Sốt Mắm Tỏi Lớn
ĂN CÙNG EM MAI TÂN PHÚ - Bánh Crepe Sầu Riêng - 1E Đường 27,"1E Đường 27, Tân Phú, TP. HCM",4.5,https://shopeefood.vn/ho-chi-minh/an-cung-em-mai-tan-phu-banh-crepe-sau-rieng-1e-duong-27.dteofr,Sữa chua mix vị | Hộp crepe 6 cái | Bánh sầu riêng phú sĩ ngàn lớp | Bánh sầu riêng phú sĩ mini | Bánh ngàn lớp mini | Hộp crepe 4 cái | Bánh sầu riêng pho mai
Há Cảo & Xíu Mại Nhà Làm 385 - Nguyễn Đình Chiểu,"385/41 Nguyễn Đình Chiểu, P. 5, Quận 3, TP. HCM",4.5,https://shopeefood.vn/ho-chi-minh/ha-cao-xiu-mai-nha-lam-385-nguyen-dinh-chieu.arifxq,"Cảo 9 món(thịt,tôm,sò điệp,mực...) | Cảo 5 món(thịt,tôm,xíu mại,mực,bắp) | Cảo sò điệp(5viên lớn) | Thập cẩm 7 viên cảo lớn | Cảo Tôm Viên Lớn (5 viên) | Cảo 6 món(thịt,tôm,mực...) | Cảo Trứng muối (5viên)"
HỒNG LOAN - MÌ XÀO BÒ - ĐƯỜNG SỐ 24,"116 Đường Số 24, P. Bình Hưng Hòa A, Bình Tân, TP. HCM",4.5,https://shopeefood.vn/ho-chi-minh/hong-loan-mi-xao-bo-duong-so-24,Mì trộn bò | Mì trộn đùi gà góc tư | Mì xào bò | Nui Xào Bò | Mì Xào Bò Trứng | Mỳ Xào Bò + Trà Tắc | Hủ Tiếu Xào Bò
Vựa Cua Biển 69 - Cua Bao Ăn,"75/9 Trần Văn Quang, P. 10, Tân Bình, TP. HCM",4.5,https://shopeefood.vn/ho-chi-minh/vua-cua-bien-69-cua-bao-an,Combo 2 thịt vừa +1 gạch vừa | Combo 2 thịt vừa + 2 gạch vừa | 1 cua gạch size vừa(Tuỳ chọn Sốt) | 2 cua gạch vừa | 1 cua gạch vừa sốt me | 1 cua gạch vừa sốt trứng muối | 2 cua gạch vừa sốt bơ tỏi
"BONG - Tea, Coffee & Matcha - Nguyễn Duy","484/2/19 Nguyễn Duy, P. 10, Quận 8, TP. HCM",4.5,https://shopeefood.vn/ho-chi-minh/bong-tea-coffee-matcha-nguyen-duy,Da Heo Lắc Tỏi Phi - Bịch To | Da Heo Lắc Tỏi Phi - Bịch Nhỏ | Cacao Mint  x Earl Grey  Matcha  x  Coffee Latte - Size 500ml | Cold Whisk  x  Matcha Việt Quất  x  Cacao Đá - Size 500ml | Cafe Đen  x  Cafe Muối  x  Cacao Muối - Size 500ml | Trà Sữa Thái Đỏ Đậm Vị - size 500ml | Trà Sữa Thái Xanh - size 500ml
Bún Thịt Xào - Há Cảo Ngọc Ngọc,"100/6 Bà Huyện Thanh Quan, P. 9, Quận 3, TP. HCM",4.5,https://shopeefood.vn/ho-chi-minh/bun-thit-xao-ha-cao-ngoc-ngoc,Phần 5 viên | Phần 10 Viên | Phần 15 viên | Bột Chiên 2 Trứng | Bột Chiên 1 Trứng | Bột Chiên Bò Trứng | Mì xào bò trứng
Phê La - Trà & Cà Phê Đặc Sản - Trần Hưng Đạo,"994 Đường Trần Hưng Đạo, P. 7, Quận 5, TP. HCM",4.5,https://shopeefood.vn/ho-chi-minh/phe-la-tra-ca-phe-dac-san-tran-hung-dao,"SPF - COMBO 2 MÓN YÊU THÍCH | SPF - COMBO ƯU ĐÃI  88K. | SPF - COMBO 3 MÓN YÊU THÍCH | SPF - COMBO 3 LY, CHILL 123K. | SPF - COMBO 2 MÓN ĐẶC SẢN | Ô Long Nhài Sữa - trà sữa (size Phê) | Ô Long Sữa Phê La - trà sữa (size Phê)"
Bánh Mì Tuấn Linh - Bánh Mì Bình Định - Võ Văn Vân,"D20/28 Võ Văn Vân, Bình Chánh, TP. HCM",4.5,https://shopeefood.vn/ho-chi-minh/banh-mi-tuan-linh-banh-mi-binh-dinh-vo-van-van.db5r3w,"HOTLINE CSKH 0.9.8.1.8.3.8.3.9.1 | Bánh mì Đặc Biệt | Bánh mì thịt chả | Bánh mì nem nướng, chả lụa | Bánh mì 2 trứng opla + chà bông | Bánh mì không (1 ổ) | Bánh mì Thịt,trứng,chả lụa"
MÌ UDON XÀO - Đoàn Văn Bơ,"670/87/52/1 Đoàn Văn Bơ, P. 16, Quận 4, TP. HCM",4.5,https://shopeefood.vn/ho-chi-minh/mi-udon-xao-doan-van-bo,"Udon xào Hải sản | Udon xào bò | Udon đặc biệt | Udon xào bò trứng | Udon xào Tôm | Udon xào Mực | Mì gói xào bò, xúc xích, trứng ốp la"
Bún Ốc Sườn Cô Sáu - Quận 1,"454 Hai Bà Trưng, P. Tân Định , Quận 1, TP. HCM",4.5,https://shopeefood.vn/ho-chi-minh/bun-oc-suon-co-sau-quan-1,01 Coca-Cola | bún riêu bò + 1 Coca-Cola | 2 bún riêu đầy đủ + 2 Coca-Cola | bún riêu đầy đủ + 1 Coca-Cola | bún ốc đặc biệt + 1 Coca-Cola | Lẩu riêu nhỏ 2-3 người | Lẩu vừa 3-4 người
"Flex - Gà Rán, Trà Sữa & Ăn Vặt Hàn Quốc - Năm Châu","102 Năm Châu, P. 12, Tân Bình, TP. HCM",4.5,https://shopeefood.vn/ho-chi-minh/flex-ga-ran-tra-sua-an-vat-han-quoc-nam-chau,Combo 2 người | Gà viên 3 loại sốt (Món mới) | Giới thiệu đôi điều về quán | Hotline hỗ trợ đơn hàng 0909886909 - 0916119060 | Canh kim chi | Cơm trộn Hàn Quốc | Kimbap truyền thống
Bếp Mẹ Xoài - Mì Trộn & Chân Gà Sốt Thái,"107 Đường 379, P. Tăng Nhơn Phú A, Thành Phố Thủ Đức, TP. HCM",4.5,https://shopeefood.vn/ho-chi-minh/bep-me-xoai-mi-tron-chan-ga-sot-thai,
Mì Cay Trái Ớt Thủ Đức - Tô Ngọc Vân,"177 Tô Ngọc Vân, P. Linh Đông, Thành Phố Thủ Đức, TP. HCM",4.5,https://shopeefood.vn/ho-chi-minh/mi-cay-trai-ot-thu-duc-to-ngoc-van,Mì Cay Thập Cẩm Trái Ớt | Mì Cay Hải Sản | Mì Cay Bò | Mì Cay Bò Mỹ | Mì Cay Bò Cuộn Nấm | Mì Xào Khô Thập Cẩm | Mì Xào Khô Bò
Gà Nướng Lu Hoàng Công - Tân Sơn,"477 Đường Tân Sơn, P. 12, Gò Vấp, TP. HCM",4.5,https://shopeefood.vn/ho-chi-minh/ga-nuong-lu-hoang-cong-tan-son,Combo 1 Con Gà Nướng Lu + 2 Cơm Lam Ngũ Sắc | Combo 1 Con Gà Nướng Lu + 10 bánh bao sữa chiên | Combo 1 Con Gà Nướng Lu + 1 Cơm Lam ngũ sắc + 5 bánh bao sữa chiên | Combo hạt rẻ 1/2 gà nướng lu (kèm 4 bánh bao) | Gà Nướng Lu- Muối ớt | Combo 1 Con Gà Nướng Lu + 2 Cơm Lam Ngũ Sắc | Gà Nướng Lu Cô Đơn
"Cô Tư - Nui Sốt Bò Bằm, Mì Spaghetti & Cơm Chiên Bò Lúc Lắc","401/3 Chu Văn An, P. 12, Bình Thạnh, TP. HCM",4.5,https://shopeefood.vn/ho-chi-minh/co-tu-nui-sot-bo-bam-mi-spaghetti-com-chien-bo-luc-lac,Combo 2: 01 Mì Spaghetti phô mai đặc biệt + 01 Coca- Cola | Combo 1: 01 Cơm bò lúc lắc + xúc xích + trứng + 01 Coca- Cola | Combo 3: 01 Nui sốt bò phô mai đặc biệt + 01 Coca- Cola | 02 Mì Spaghetti phô mai đặc biệt + 02 Coca-Cola | 02 Cơm bò lúc lắc + xúc xích + trứng + 02 Coca-Cola | 02 Nui sốt bò phô mai đặc biệt + 02 Coca-Cola | Mì spaghetti đặc biệt
Trà Sữa Mr Hon - Nguyễn Văn Nghi,"132 Nguyễn Văn Nghi, P.5, Gò Vấp, TP. HCM",4.5,https://shopeefood.vn/ho-chi-minh/tra-sua-mr-hon-nguyen-van-nghi,Trà sữa Thái xanh(size M) | MATCHA LATTE Size M | TRÀ BÍ ĐÀO SƯƠNG XÁO  XL | TRÀ BÍ ĐAO XL | HỒNG TRÀ VẢI THIỀU L | HỒNG TRÀ SỮA M | Trà sữa Thái xanh(size M)
Bún Đậu Mẹt - Lê Văn Thọ,"376 Lê Văn Thọ, P. 11, Gò Vấp, TP. HCM",4.5,https://shopeefood.vn/ho-chi-minh/little-saigon-bun-dau-met,Bún đậu chả cốm- nước  sấu | Bún đậu thịt chả cốm tăng nước  cam | Bún đậu thịt-tặng nước  cam | Bún đậu thập cẩm lớn 2 người ăn đầy đủ- tặng 2 nước  cam | Bún đậu thịt nem chua rán  tăng nước  cam | Thập Cẩm Nhỏ Đầy Đủ 1người Ăn-nuoc  cam | Bún đậu chay+ nước  cam
Mì Cay Meo Meo,"137 Tam Hà, P. Tam Phú, Thành Phố Thủ Đức, TP. HCM",4.5,https://shopeefood.vn/ho-chi-minh/mi-cay-meo-meo,Chả Cá Rau Củ 3 Lạng | Chả Cá Rau Củ 5 Lạng | Mì cay Hải Sản | Mì cay Xúc Xích Cá Viên | Mì cay Bò Tái | Mì cay Viên Thả Lẩu | Mì cay Xúc Xích Bò Viên
Trà Sữa Huy's - Quang Trung,"781 Quang Trung, P. 12, Gò Vấp, TP. HCM",4.5,https://shopeefood.vn/ho-chi-minh/tra-sua-huy-s-quang-trung,Trà Sữa Trân Châu Đen-[Đỉnh] | Trà Sữa Thái Xanh-[Xịn] | Trà Sữa Trân Châu Ngọc Trai [s] | Trà Sữa Trân Châu Đen[Size S] | Nước Dừa Nhãn Mật Quế Hoa -M | Bạc Hà Sữa Ca Cao | Trà Sữa Hạnh Nhân
"Doo Foods - Burger, Gà Rán & Cơm Gà - Dương Quảng Hàm","416/23/24 Dương Quảng Hàm, P. 5, Gò Vấp, TP. HCM",4.5,https://shopeefood.vn/ho-chi-minh/doo-foods-burger-ga-ran-com-ga-duong-quang-ham,CƠM GÀ VIÊN SỐT ( best seller ) | Bánh gà  ( 1 cái ) | Đùi gà rán giòn | Combo Chill Chill : Gà Viên + Khoai( tặng 1 cốc coca ) | Burger bò xay | Burger gà xay | CƠM GÀ VIÊN SỐT ( best seller )
VUA ĐẬU - Bún Đậu Mắm Tôm - 254 Vạn Kiếp,"254 Vạn Kiếp, P. 3, Bình Thạnh, TP. HCM",4.5,https://shopeefood.vn/ho-chi-minh/vua-dau-bun-dau-mam-tom-254-van-kiep,Bún đậu Nhà Vua VVIP + Bún thêm | Bún đậu Tiến Vua VVIP + Bún thêm | Bún Đậu Thập Cẩm ĐẶC BIỆT + Bún Thêm (1 người) | Bún Đậu Thập Cẩm NHỎ (1 người) | Đậu Hũ Bắc Ninh Chiên (16 viên) | Trà Đá | Bún đậu Nhà Vua VVIP + Bún thêm
Đào Đần - Bò Hầm Pate,"15/24A Cầm Bá Thước, P. 7, Phú Nhuận, TP. HCM",4.5,https://shopeefood.vn/ho-chi-minh/dao-dan-bo-ham-pate,Bò Hầm Pate phần lớn | Bò Hầm Pate | Bánh Mỳ Xíu Mại Đà Lạt Phần Lớn | Bánh Mỳ Xíu Mại Đà Lạt | Bánh Bột Lọc (10 cái) | Mỳ Gói Xào Bò Trứng | Mỳ Gói Xào Bò
Bánh Mì - Xôi Gà 56 - Trịnh Đình Trọng,"56 Trịnh Đình Trọng, P. Phú Trung, Tân Phú, TP. HCM",4.5,https://shopeefood.vn/ho-chi-minh/banh-mi-xoi-ga-56-trinh-dinh-trong,Xôi mặn | Xôi da gà | Trà Tắc ly khổng lồ | Xôi chả chà bông | bánh mì ốp la 2 trứng | Bánh Mì Chả ốp la | Bánh mì da gà
Mì Trộn Siêu Tốc - Ngô Tất Tố,"139/14 Ngô Tất Tố, P. 22, Bình Thạnh, TP. HCM",4.5,https://shopeefood.vn/ho-chi-minh/mi-tron-sieu-toc-ngo-tat-to,"SÚP TRUYỀN THỐNG TRỨNG CÚT(lớnTR | SÚP THẬP CẨM ÓC HEO BẮC THẢO | SÚP ĐẶC BIỆT như hình | SÚP SIÊU CÀNG CUA (thịt cua tươi) | SÚP HẢI SẢN(tôm,thanh cua,..) | SÚP THẬP CẨM BÀO NGƯ BẮC THẢO(1 size lớn) | SÚP CUA TRỨNG NON"
Emy - Trái Cây Tươi Và Ăn Vặt - Nguyễn Trãi,"212A/A37 Nguyễn Trãi, P. Nguyễn Cư Trinh, Quận 1, TP. HCM",4.5,https://shopeefood.vn/ho-chi-minh/emy-trai-cay-tuoi-va-an-vat-nguyen-trai,Thơm (300GR) | Sắn (300GR) | Mận( Đào Đá hoặc An Phước) (250GR) | Dưa Hấu (300GR) | Xoài  Mắm Ruốc (300GR) | Xoài Mắm Đường (300GR) | Bưởi Da Xanh (300GR)
Cô Thảo Tôm Cá - Cá Hồi Ngâm Tương - Quận 1,"42/2 Trần Đình Xu, P. Cô Giang, Quận 1, TP. HCM",4.5,https://shopeefood.vn/ho-chi-minh/co-thao-tom-ca-ca-hoi-ngam-tuong-quan-1,Cá hồi Nauy ngâm tương M - 240g | Cá hồi Nauy ngâm tương L - 400g | Cua gạch ngâm tương - 2 con | Ghẹ ngâm tương - 2 con | Bào ngư ngâm tương - 8 con | Tôm ngâm tương M - 300g | Tôm ngâm tương L - 450g
Somtum Sabai - Gỏi Thái Lan,"695 Phan Văn Trị, P. 7, Gò Vấp, TP. HCM",4.5,https://shopeefood.vn/ho-chi-minh/somtum-sabai-goi-thai-lan,Cơm heo xào lá quế + Trà chanh thái đỏ | Pad thái tôm + Trà sữa thái đỏ thạch đen | Gỏi đu đủ Hải sản + Trà chanh Thái xanh | Xôi xoài + Trà sữa thái xanh thạch đen | Sườn cay Thái Lan + Trà atiso đỏ nha đam | Gỏi đu đủ Ba khía | Gỏi đu đủ Ba khía Tôm sống
CHÁO SƯỜN CHÚ MẬP - Nguyễn Hồng Đào,"91/14 Nguyễn Hồng Đào, Tân Bình, TP. HCM",4.5,https://shopeefood.vn/ho-chi-minh/chao-suon-chu-map-nguyen-hong-dao.l2tixk,Cháo Trắng Hột Vịt Muối (Cháo Có vị mặn + béo của nước sườn) | Cháo Trắng Chà Bông (Cháo Có vị mặn + béo của nước sườn) | Combo Cháo Thập Cẩm Đặc Biệt | Combo Cháo Sườn Thịt Bằm Lớn | Combo Cháo Sườn Thịt Bằm Trứng Cút Rim Lớn | Combo Cháo Sườn Thịt Bằm Trứng Bắc Thảo Lớn | Combo Cháo Sườn Thịt Bằm Bò Viên Lớn
Bún Đậu Mắm Tôm 277 - Tô Ngọc Vân,"44/33 Tô Ngọc Vân, P. Thạnh Xuân, Quận 12, TP. HCM",4.5,https://shopeefood.vn/ho-chi-minh/bun-dau-mam-tom-277-to-ngoc-van,BÚN ĐẬU THẬP CẨM | BÚN ĐẬU THẬP CẨM VỪA | THẬP CẨM LỚN- Tặng Pepsi Ly | BÚN ĐẬU  THẬP CẨM | BÚN ĐẬU CHẢ CỐM | BÚN ĐẬU THỊT | BÚN ĐẬU DỒI SỤN
"Big Burger - Hamburger, Beefsteak & Bakery - Đặng Thúc Liêng","160 Đặng Thúc Liêng, P. 4, Quận 8, TP. HCM",4.5,https://shopeefood.vn/ho-chi-minh/big-burger-hamburger-beefsteak-bakery-dang-thuc-lieng,Bánh Mì Bơ Tỏi | Big burger 2 | Big burger 4 | Big Burger 3 | Big burger 1 | Big Burger 5 | Big Burger 6
"Nước Mía Henry - Rau Má, Cà Phê Sữa Tươi & Trà Tắc - Bình Tân","44 Đường Số 22, P. Bình Hưng Hòa A, Bình Tân, TP. HCM",4.5,https://shopeefood.vn/ho-chi-minh/nuoc-mia-henry-rau-ma-ca-phe-sua-tuoi-tra-tac-binh-tan,HOTLINE | Nước Mía Tắc Ly Khổng Lồ 800ml | Nước Mía Nguyên Chất Ly Khổng Lồ 800ml | Nước Mía Thơm Ly Khổng Lồ 800ml | Nước Mía Thơm Tắc Ly Khổng Lồ 800ml | Nước Mía Dâu(Cốt Dâu) Ly Khổng Lồ 800ml | Nước Mía Cam Ly Khổng Lồ 800ml
Bún Đậu Mắm Tôm 1975 - Trần Văn Đang,"159/84 Trần Văn Đang, P. 11, Quận 3, TP. HCM",3.5,https://shopeefood.vn/ho-chi-minh/bun-dau-mam-tom-1975-tran-van-dang,ComBo 20 Nem Chua Rán Chị Hạnh + 2 Trà Tắc | ComBo 30 Nem Chua Rán Chị Hạnh + 3 Trà Tắc | ComBo 5 Nem Chua Rán Chị Hạnh + Trà Tắc | ComBo 10 Nem Chua Rán Chị Hạnh + Trà Tắc | Nem Nướng Nha Trang + Đồ uống bất kỳ | Nem Nướng Nha Trang | Bún đậu thập cẩm+ Trà tắc
Uji Matcha Latte - Thân Văn Nhiếp,"20 Thân Văn Nhiếp, P. An Phú, Thành Phố Thủ Đức, TP. HCM",4.5,https://shopeefood.vn/ho-chi-minh/uji-matcha-latte-than-van-nhiep,Cold Whisk Matcha | Uji Matcha Latte | Cacao Mint - Cacao Dẻo Sữa Bạc Hà | Caramel Coffee - Cafe Caramel Kem Muối | UJI MATCHA 宇治 | ISUZU MATCHA 五十铃 | MATCHA FUJI MK4
"Anh Cường Bakery - Bánh Kem, Bánh Mì - Nguyễn Văn Lạc","32 Nguyễn Văn Lạc, P. 19, Bình Thạnh, TP. HCM",4.5,https://shopeefood.vn/ho-chi-minh/anh-cuong-bakery-banh-kem-banh-mi-nguyen-van-lac,"Bánh mì phô mai tan chảy | Bánh mì mềm Custard ( hottrend emart ) 3 vị | Phú sĩ nhân ca dé lá dứa | Bánh tart trái cây tươi ( 1 hộp 2 bánh ) | Bánh khoai lang tím phô mai hottrend | Crepe pudding matcha | Bánh quả trứng mix 4 vị ( trứng muối, phô mai, socola, gà cay )"
Trà Cóc Giã Tay Chị Sửu Bà Chiểu,"366 Bùi Hữu Nghĩa, P. 2, Bình Thạnh, TP. HCM",4.5,https://shopeefood.vn/ho-chi-minh/tra-coc-gia-tay-chi-suu-ba-chieu,TRÀ CÓC GIÃ TAY LY 1LÍT | TRÀ CHANH QUẢNG ĐÔNG GIÃ TAY LY 1 LÍT | NƯỚC LONG NHÃN  LÁ DỨA LY 1LÍT | TRÀ  XOÀI  CHANH DÂY  LY 1 LÍT | TRÀ  LÀI  ĐÁC  THƠM LY 1 LÍT | TRÀ  TRÁI  CÂY  NHIỆT ĐỚI  LY 1LÍT | TRÀ MÃNG CẦU  LY 1LÍT
Momotaro Sushi - Liên Khu 5-6,"143/50/5 Liên Khu 5-6, P. Bình Hưng Hòa B, Bình Tân, TP. HCM",4.5,https://shopeefood.vn/ho-chi-minh/momotaro-sushi-lien-khu-5-6,Cá hồi sashimi 100g | Cá hồi sashimi 10pc | Cá hồi ngâm tương | Salad bò úc 100g- Xà lách bò úc 100g | Crab stick salad- Xà lách thanh cua | Cơm bò Fuji từ núi phú sỹ | Unagi Rice flash sale- Cơm lươn ưu đãi
Milo Dầm TukTuk - 35 Ngô Gia Tự,"35 Ngô Gia Tự, P. 2, Quận 10, TP. HCM",4.5,https://shopeefood.vn/ho-chi-minh/milo-dam-tuktuk-35-ngo-gia-tu,Xúc xích nướng muối ớt / 1 cây | Milo dầm trân châu đường đen - bánh Flan(700ml ) | Milo dầm trân châu đường Đen(700ml ) | Bánh mì nướng muối ớt | Sữa tươi trân châu đường đen - bánh Flan (700ML) | Tàu hũ trân châu đường đen | Xúc xích nướng muối ớt / 1 cây
Dì Bảy - Bún Mắm & Bún Bò Huế,"55B Tạ Quang Bửu, P. 2, Quận 8, TP. HCM",4.5,https://shopeefood.vn/ho-chi-minh/di-bay-bun-mam-bun-bo-hue,Bún bò Huế thường + nước ngọt tự chọn | Bún bò Huế tô thường + 1 Mirinda | Bún mắm tô thường + 1 Mirinda | Bún thái tô thường + 1 Mirinda | Hủ tiếu thái tô thường + 1 Mirinda | Bún Mắm + 01 Ô Long Tea+ Plus (Hoặc nước khác) | Bún Bò Huế Thường + 01 Ô Long Tea+ Plus (Hoặc nước khác)
Minh Khang - Gà Ác Tiềm Thuốc Bắc & Súp Cua,"23B Miếu Gò Xoài, P. Bình Hưng Hòa A, Bình Tân, TP. HCM",4.5,https://shopeefood.vn/ho-chi-minh/minh-khang-ga-ac-tiem-thuoc-bac-sup-cua,Súp cua nhỏ | Nước cam ép | Nước ép Lê | Nước ép cà rốt | Gà Ác Tiềm Thuốc Bắc | Gà ác Tiềm Thuốc bắc (tiềm đãng Đãng Sâm) | Combos 1 Gà Ác Tiềm Thuốc bắc + 1 Chai nước ngọt
Ăn Vặt Pinoo - Mì Trộn Indomie & Trà Sữa,"325/2 Kênh Tân Hoá, P. Hòa Thạnh, Tân Phú, TP. HCM",4.5,https://shopeefood.vn/ho-chi-minh/an-vat-pinoo-mi-tron-indomie-tra-sua.ll3gcx,"Combo gà + khoai tây chiên | Mì trộn Indomie Thập Cẩm | Mì trộn Indomie Trứng Xúc xích | Mì trộn Indomie Đặc Biệt full topping ú nụ | Mì trộn Indomie Xúc Xích, Cá/ bò viên | Hotline 0928.693.637 | Gà viên chiên"
Ăn Vặt Bonu - Cá Viên Chiên & Mì Trộn - Dương Bá Trạc,"432/9 Dương Bá Trạc, P. 1, Quận 8, TP. HCM",4.5,https://shopeefood.vn/ho-chi-minh/an-vat-bonu-ca-vien-chien-mi-tron-duong-ba-trac,CÁ VIÊN CHIÊN-5 VIÊN | BÒ VIÊN CHIÊN-5 VIÊN | TÔM VIÊN CHIÊN-5 VIÊN | Combo Xúc Xích - 4 Cây | Combo Phô Mai Que -5 Cây | CÁ VIÊN CHIÊN- 30 VIÊN | Combo Cá Viên - 15 Viên
Trà Sữa T29 - Matcha Latte - S10.07 Grand Park,"S10.07 Vinhomes Grand Park, Thành Phố Thủ Đức, TP. HCM",4.5,https://shopeefood.vn/ho-chi-minh/tra-sua-t29-matcha-latte-s10-07-grand-park.qw1vlk,Hồng trà sữa | Liên hệ quán XLĐH ạ | Hồng trà sữa | Trà sữa bạc hà | Trà sữa trân châu đường đen | Sữa tươi trân châu đường đen | Trà sữa khoai môn kem cheese
Pizza Ýtali,"164/13/2 Trịnh Đình Trọng, P. Phú Trung, Tân Phú, TP. HCM",4.5,https://shopeefood.vn/ho-chi-minh/pizza-ytali,"Phô mai-Margherita | Phô mai x2 - Double cheese | Trà chanh tươi | Pizza phô mai size mini + Coca - Cola | Pizza mứt dâu size mini + Coca - Cola | Pizza xúc xích,bắp size mini + Coca - Cola | HOTLINE"
BOO Caffé,"132A Đường Số 47, Quận 7, TP. HCM",4.5,https://shopeefood.vn/ho-chi-minh/boo-caffe.ssqrgc,Good Day B | Creamy Cococha - Nước dừa kem matcha | Good Day B | Creamy Cococha - Nước dừa kem matcha | Earl Grey Macchiato | Creamy Cocoffee - Nước dừa kem cafe | Coco Americano
WALLACE - Burger & Chicken - S10.01 KĐT Vinhomes Grand Park,"S10.0101.S14, Khu Đô Thị Vinhomes Grand Park, P. Long Thạnh Mỹ, Thành Phố Thủ Đức, TP. HCM",4.5,https://shopeefood.vn/ho-chi-minh/wallace-burger-chicken-s10-01-kdt-vinhomes-grand-park,Ăn Là Ghiền | Tiện Lợi 1 Người 1 | Set Đôi Siêu Tiết Kiệm | Tiện Lợi 1 Người 2 | Ăn Vui Thả Ga | Tiện Lợi 1 Người 3 | Nửa con gà giòn
Trân Food 2 - Gà Ủ Muối Hoa Tiêu - Lê Đức Thọ,"350/54/35d Lê Đức Thọ, P. 3, Gò Vấp, TP. HCM",4.5,https://shopeefood.vn/ho-chi-minh/tran-food-2-ga-u-muoi-hoa-tieu-le-duc-tho,GÀ Ủ MUỐI HOA TIÊU NGUYÊN CON (KHÔNG ĐẦU) | GÀ RI Ủ MUỐI THẢO MỘCNGUYÊN CON (CÓ ĐẦU) | GÀ Ủ MUỐI HOA TIÊU NỬA CON | GÀ Ủ MUỐI HOA TIÊU THẢO MỘC-NUÔI THẢ VÙNG 7 NÚI | GÀ Ủ MUỐI HOA TIÊU-NGUYÊN CON ÔM TRỨNG ( KHÔNG ĐẦU) | CHÂN GÀ RÚT XƯƠNG Ủ MUỐI HOA TIÊU-KHAY CHUẨN 500g | NỬA CON GÀ Ủ MUỐI + KHAY CHÂN GÀ Ủ MUỐI THẢO MỘC 500g
Ăn Vặt Cherry - Cá Viên Chiên & Gà Ủ Muối - CN2,"204 Nguyễn Phúc Chu, P. 15, Tân Bình, TP. HCM",4.5,https://shopeefood.vn/ho-chi-minh/an-vat-cherry-ca-vien-chien-ga-u-muoi-cn2,Cá Viên Chiên Set Nhỏ | Thập Cẩm Cá Viên Chiên Set Vừa | Cá Viên Chiên Set Lớn | Thập Cẩm Cá Viên Chiên Set Đại | Cá Viên Chiên Set Siêu Đặc Biệt | Cá Viên Chiên Sốt Mắm Tỏi Set Nhỏ | Thập Cẩm Cá Viên Chiên Sốt Mắm Tỏi Set Vừa
Gỏi Tai Heo Đu Đủ Bảo Bối - Nguyễn Sỹ Sách,"87/117/17 Nguyễn Sỹ Sách, P. 15, Tân Bình, TP. HCM",5.0,https://shopeefood.vn/ho-chi-minh/goi-tai-heo-du-du-bao-boi-nguyen-sy-sach,Gỏi tai heo đu đủ ( big size) | Gỏi Thập cẩm bao tử cá chẽm(big size) | COMBO 2 gỏi size M | COMBO 2 GỎI SIZE L | Gỏi tai heo đu đủ M) | Gỏi tai heo đu đủ ( big size) | Gỏi tai heo  đu đủ size S
Ốc Nhà Đèn - Hải Sản Các Loại,"122 Phạm Thế Hiển, P. 2, Quận 8, TP. HCM",3.5,https://shopeefood.vn/ho-chi-minh/oc-nha-den-hai-san-cac-loai,
Bé Mập - Cá Viên Chiên Nước Mắm & Ăn Vặt - Lê Đức Thọ,"350/18 Đường Lê Đức Thọ, P. 6, Gò Vấp, TP. HCM",4.5,https://shopeefood.vn/ho-chi-minh/be-map-ca-vien-chien-nuoc-mam-an-vat-le-duc-tho,Combo Cá Viên Chiên - Lớn + TẶNG 2 HOÀNH THÁNH NHÀ LÀM | Combo Cá Viên Chiên - Khổng Lồ + TẶNG 2 HOÀNH THÁNH VÀ 3 ĐẬU HỦ CHIÊN | COMBO 15 CHẢ GIÒ THỊT NHÀ LÀM | COMBO 25 MIẾNG HOÀNH THÁNH NHÀ LÀM | KHOAI TÂY CHIÊN LẮC PHÔ MAI | KHOAI TÂY CHIÊN | Combo Cá Viên Chiên Sốt Bơ Tỏi Nước Mắm - Lớn
Dì Hà - Bánh Canh Chả Cá Phan Thiết & Cháo Hàu,"026 Chung Cư B5, Đường 12C, P. 3, Quận 4, TP. HCM",3.5,https://shopeefood.vn/ho-chi-minh/di-ha-banh-canh-cha-ca-phan-thiet,Bánh Canh Chả Cá - Tô Tiêu Chuẩn | Cháo Thịt Bằm | Cháo Huyết Tôm Khô Thịt Bằm- Hộp Nhỏ | Hủ Tiểu Chả Cá bò viên | Hủ tiếu chả cá đặc biệt | Bún Gạo Chả Cá bò viên | Bún gạo chả cá đặc biệt
Tiệm Trà Mơ - Trà Sữa - Minh Phụng,"614 Minh Phụng, Quận 11, TP. HCM",4.5,https://shopeefood.vn/ho-chi-minh/tiem-tra-mo-tra-sua-minh-phung.iyw44z,NƯỚC DỪA TRÂN CHÂU DỪA | NƯỚC DỪA THẠCH CỦ NĂNG | NƯỚC SEN DỪA | NƯỚC DỪA FULL TOPPING | NƯỚC DỪA MIX | NƯỚC DỪA TRÂN CHÂU MIX ( DỪA + BẮP ) | TRUYỀN THỐNG SỐT KHOAI MÔN
Chè Giản - Chè Bưởi Hà Nội & Chè Dừa Dầm Hải Phòng - Đường 78,"Số 11 Đường 78, P. Thạnh Mỹ Lợi - (đối diện toà CBD gần cây xăng), Thành Phố Thủ Đức, TP. HCM",4.5,https://shopeefood.vn/ho-chi-minh/che-gian-che-buoi-ha-noi-che-dua-dam-hai-phong-duong-78,Khay cóc ổi xoài | Dưa hấu gọt sẵn mát lạnh | Cóc cầy/cóc Thái non gọt sẵn  kèm muối chấm | Khay xoài tứ quý gọt sẵn | Củ đậu/sắn gọt sẵn | Đu đủ gọt sẵn | Dưa lưới ruột cam Vietgap gọt sẵn
HP Cơm Tấm,"41/20/8 Đường 35, P. Hiệp Bình Chánh, Thành Phố Thủ Đức, TP. HCM",4.5,https://shopeefood.vn/ho-chi-minh/hp-com-tam,CB.Cơm Sườn Non Nướng Chậm 120Gr - Ép Cam Thanh Nhiệt | Cơm Dựng Chân Giò Tứ Xuyên 330Gr - Ép Cam Thanh Nhiệt | CB.Cơm Dẻ Sườn Bò Nướng Chậm 180Gr - Ép Cam Thanh Nhiệt | CB.Cơm Sườn Non Hầm Thảo Mộc 210Gr - Nước Ép Cam Thanh Nhiệt | CB. Cơm Dựng Chân Giò Bò Hầm Thảo Mộc + Nước Ép Cam Thanh Nhiệt | Cơm Lam -  Sườn Non Nướng Chậm 210Gr-  Tuỳ Chọn Nước Tặng | Cơm Sườn Non Nướng Chậm 210Gr - Tuỳ Chọn Nước Tặng
"Dee - Matcha Latte, Tea & Coffee","37 Đường Số 23, P. 10, Quận 6, TP. HCM",4.5,https://shopeefood.vn/ho-chi-minh/dee-matcha-latte-tea-coffee.qhf5ng,Trà Sữa Olong | Trà Sữa Thái Xanh | Trà Sữa Lài | Hồng Trà Sữa | Trà Sữa Bạc Hà (New) | Trà Sữa Thái Đỏ (New) | Trà Chanh Lài
Cháo Lòng - Lòng Nhậu - Trần Văn Đang,"137 Trần Văn Đang, P. 11, Quận 3, TP. HCM",4.5,https://shopeefood.vn/ho-chi-minh/chao-long-long-nhau-tran-van-dang.n1knge,"Cháo Dồi luộc | Cháo gan | 2 lạng Gan | Đĩa dồi luộc lớn | Huyết luộc trần canh nóng | COMBO BÁN CHẠY 5Lạng (3 Lạng Họng, Thịt nạc dải + 2 Lạng Huyết) Nhúng Canh nóng | COMBO BÁN CHẠY 1KÝ (6 Lạng Họng, Thịt nạc dải + 4 Lạng Huyết) Nhúng Canh nóng"
Pizza Huu - Pizza & Spaghetti - Ngô Tất Tố,"14/1 Ngô Tất Tố, P. 19, Bình Thạnh, TP. HCM",4.5,https://shopeefood.vn/ho-chi-minh/pizza-huu-pizza-spaghetti-ngo-tat-to,HOT: Pizza bò bằm( tặng 1 cốc Soda ) | Pizza Cheese ( phomai ) | Pizza Mix ( thập cẩm ) | Combo pizza bò bằm ngô ngọt ( tặng 1 chai coca ) | Pizza Chees Honey ( mật ong rừng ) | Pizza Minced Chicken ( gà bằm ) | Coca cốc
"Halo Bakery - Kebab, Bánh Kem & Trà Sữa","143a Tôn Đản, P. 14, Quận 4, TP. HCM",4.5,https://shopeefood.vn/ho-chi-minh/halo-bakery-kebab-banh-kem-tra-sua,Bánh kem bắp trái cây size 14cm | Bánh kem bắp trái cây size 16cm | Bánh kem bắp trái cây size 18cm | Bento ( 2 người ăn) | Bánh kem kem chảy size 12cm | Bánh kem con heo size 10cm | Bánh kem con gấu size 10cm
Unknown Name,,,https://shopeefood.vn/ho-chi-minh/chi-lan-bap-xao-hot-vit-lon-nguyen-van-cong,
"Mì Cay & Tokbokki, Bánh Tráng BẢO BẢO - Quang Trung","637/73 Quang Trung, P. 11, Gò Vấp, TP. HCM",4.5,https://shopeefood.vn/ho-chi-minh/mi-cay-tokbokki-banh-trang-bao-bao-quang-trung,Đơn hàng có sai hay nhầm đơn hàng.Mọi khiếu nại khách hotline:0767109123 | MÌ CAY THẬP CẨM+Tặng Ly Nước Ngọt | Tokbokki Truyền Thống | MÌ CAY XÚC XÍCH | Tokbokki Size S | Tokbokki Size M | MÌ CAY TOMYUM THẬP CẨM+Tặng Ly Nước Ngọt
Cá Viên Chiên Và Lạp Xưởng Nướng Đá - Chloe Food,"395/2 Vĩnh Viễn, P. 8, Quận 10, TP. HCM",4.5,https://shopeefood.vn/ho-chi-minh/ca-vien-chien-va-lap-xuong-nuong-da-chloe-food,3 cây Lạp Xưởng Nướng Đá | 5 cây lạp xưởng nướng đá | Cá viên chiên lộn xộn - size nhỏ | 10 cây lạp xưởng nướng đá | Lạp xưởng nướng đá Hà Khẩu | Cá Viên Chiên lộn xộn size vừa | Cá viên chiên lộn xộn - size trung bình
Cơm Tấm Đêm Minh 607 - Nguyễn Văn Lượng,"340 Nguyễn Văn Lượng, P. 16, Gò Vấp, TP. HCM",4.5,https://shopeefood.vn/ho-chi-minh/com-tam-dem-minh-607-nguyen-van-luong,Lâu bò thâp câm | Lâu bò thập câm | Lâu bò thập câm | Lâu đui bò | Lâu đui bò | Lâu đui bò | Cơm Gà Nướng
"ĐỈNH KÝ - Cơm Gà, Mì Trộn & Nui Xào - Nguyễn Oanh","41/29 Nguyễn Oanh, P. 10, Gò Vấp, TP. HCM",4.5,https://shopeefood.vn/ho-chi-minh/dinh-ky-com-ga-mi-tron-nui-xao-nguyen-oanh,Mì Trộn - Chưa Topping | Cơm chiên Bò Bằm | Cơm chiên Tỏi trứng | Cơm chiên Dương Châu | Cơm chiên Cá Mặn | Cơm chiên Hải Sản (tôm + bạch tuột/mực) | Cơm Rang Lạp Xưởng Trứng Muối
Xiên Xèo - Bánh Xèo & Bánh Khọt Rau Rừng Miền Tây,"447 Lê Văn Lương, P. Tân Phong, Quận 7, TP. HCM",4.5,https://shopeefood.vn/ho-chi-minh/xien-xeo-banh-xeo-banh-khot-rau-rung-mien-tay,"Combo 1 Bánh Xèo + 10 Bánh Khọt (Nhân tự chọn) | Combo 2 Bánh Xèo (Nhân tự chọn) | Combo 2 Bánh Xèo + 20 Bánh Khọt (Nhân tự chọn) | Combo 20 Bánh Khọt (Nhân tự chọn) | Combo 4 Bánh Xèo (Nhân tự chọn) | Bánh Xèo Tôm Thịt | Bánh Xèo Đặc Biệt (Mực,Tôm,Thịt)"
Péo Pẹo - Mì Trộn & Ăn Vặt - Trường Sa,"1270A Trường Sa, P. 1, Tân Bình, TP. HCM",4.5,https://shopeefood.vn/ho-chi-minh/peo-peo-mi-tron-an-vat-truong-sa.k6nmtm,Mì Trộn Xúc Xích | Mì Trộn Trứng Ốp La | Mì Trộn Indomie Xúc Xích Ốp La | Mì Trộn Xúc Xích | Mì Trộn Gà Mắm Tỏi | Mì Trộn Péo Pẹo Tràn Bờ | Mì Trộn Heo Quay Giòn
"Quán Nhà Ngoại 153 - Mì Tương Đen, Tokbokki - Nguyễn Tiểu La","153/25/10 Nguyễn Tiểu La, P. 5, Quận 10, TP. HCM",4.5,https://shopeefood.vn/ho-chi-minh/quan-nha-ngoai-153-mi-tuong-den-tokbokki-nguyen-tieu-la,Mì Tương Đen Gogi | Mì Kim Chi Bò | MÌ Kim Chi Gogi | Mì Kim Chi Hải Sản | MÌ Cá Hồi Sốt Teriyaki(NEW) | Mì Cá Hồi Xông Khói (NEW) | MÌ Cá Hồi Sốt Kem Nấm (NEW)
Anh Cá Viên - Cá Viên Chiên & Ăn Vặt - Quốc Lộ 13,"Số 518 Quốc Lộ 13, P. Hiệp Bình Phước, Thành Phố Thủ Đức, TP. HCM",4.5,https://shopeefood.vn/ho-chi-minh/anh-ca-vien-ca-vien-chien-an-vat-quoc-lo-13,Mì Trộn Cá Viên Sốt Thái Nhỏ + 1 Coca-Cola | Thập cẩm Anh Cá Viên Dễ Thương + 1 Coca-Cola | Thập Cẩm Sốt Thái Nhỏ Yêu Thương + 1 Coca-Cola | 01 Coca-Cola | 2 Mì Trộn Cá Viên Sốt Thái Nhỏ + 2 Coca-Cola | Combo TRẢI NGHIỆM NHỎ - Cá Viên Chiên | Thập Cẩm Cá Viên Chiên YÊU THƯƠNG Vừa - 1 Người Ăn Hỏng Hết Đâu Nha
"Ka’s - Mì Trộn Indomie, Xiên Que & Lẩu Ly","179 Đường Số 28, P. 6, Gò Vấp, TP. HCM",4.5,https://shopeefood.vn/ho-chi-minh/ka-s-mi-tron-indomie-xien-que-lau-ly,Set 2 :  So happy | Combo 1 người | Set  1: Combo Couple | Set 3: Combo Full | Combo mì trộn Indomie đặc biệt+ coca | Combo mì trộn Indomie trứng lòng đào + xúc xích+ coca | Combo Mì xào gà viên+ coca
CHĂNN - Ăn Vặt - Bình Thới,"177/13 Bình Thới, Quận 11, TP. HCM",4.5,https://shopeefood.vn/ho-chi-minh/chann-an-vat-binh-thoi.kmcij1,Khoai lang mật nướng phô mai | Chuối nướng + nước cốt dừa | Khoai lang mật nướng phô mai | 300gr Khoai lang mật nướng | Chuối nướng + nước cốt dừa | 400gr Khoai lang mật nướng | [Sống] Khoai lang mật 1kg
Quán Ăn 001 - Hủ Tiếu & Bánh Canh  - Phạm Thế Hiển,"002 Lô A Chung Cư Phạm Thế Hiển, Quận 8, TP. HCM",4.5,https://shopeefood.vn/ho-chi-minh/quan-an-001-hu-tieu-banh-canh-pham-the-hien.dywgsu,Tô Siêu Đạm | Tô Mọc Thập Cẩm | Tô Siêu Mọc | Hủ Tiếu Nam Vang + Coca | Liên hệ nếu đơn hang thiếu sót  zl : 089.6996.128 . Cám ơn quý khách iu nhiều ạ | Tô Siêu Đạm | Tô Mọc Truyền Thống
Vitamin Bar I - Sinh Tố & Ăn Vặt,"174 Đặng Văn Ngữ, P.14, Phú Nhuận, TP. HCM",4.5,https://shopeefood.vn/ho-chi-minh/vitamin-bar-i,Bơ  - cafe | Nước ép Cóc - Ổi | CHÈ THÁI | Trà Đào | Trà mãng cầu | Trà trái cây nhiệt đới | Trà vải
Ăn Vặt Mèo Ú - Xiên Que - Lê Lợi,"166/14 Lê Lợi, P. 3, Gò Vấp, TP. HCM",4.5,https://shopeefood.vn/ho-chi-minh/an-vat-meo-u-xien-que-le-loi,Combo cá viên Khuyến mại | Nem chua rán | Combo viên chiên nhỏ ( 9 món) Tặng CoCa | Combo viên chiên vừa (12 món) tặng Coca | Combo viên chiên lớn ( 16 món) Tặng CoCa | Khoai tây chiên lắc phô mai | Khoai mỡ lắc phô mai
Cơm Tấm Thành Công - Tk14/9 Nguyễn Cảnh Chân,"Tk14/9, Nguyễn Cảnh Chân, P. Cầu Kho, Quận 1, TP. HCM",3.5,https://shopeefood.vn/ho-chi-minh/com-tam-thanh-cong-tk14-9-nguyen-canh-chan,"Cơm Gà Mật Ong Nướng Lu + Trà Tắc | Cơm Gà Sa Tế Nướng Lu + Trà Tắc | Cơm Gà Mật Ong Nướng Lu | Cơm Gà Sa Tế Nướng Lu | Cơm sườn trứng | Cơm sườn | Cơm sườn đặc biệt (sườn,bì,chả,trứng)"
Tiệm Bún Đậu 385,"7 Đường Số 385, P. Tăng Nhơn Phú A, Thành Phố Thủ Đức, TP. HCM",4.5,https://shopeefood.vn/ho-chi-minh/tiem-bun-dau-385,Combo 2 + 1 Phần Topping | Bún Đậu Thập Cẩm (1 Người) | Bún Đậu Thập Cẩm (2 Người) | Bún Đậu Thập Cẩm 3 Người | Bún Đậu Mắm Tôm | Phần 1 Người Ăn | Combo 1 + 1 Nước
Ăn Vặt Cá Viên Chiên - Lê Văn Lương,"Hẻm 515 Lê Văn Lương, P. Tân Phong, Quận 7, TP. HCM",4.5,https://shopeefood.vn/ho-chi-minh/an-vat-ca-vien-chien-le-van-luong,Thập Cẩm Chiên Lớn | Thập Cẩm Lớn Size Đại | COMBO 2 Phần Đậu Bâp | Hỗ Trợ Khách Hàng | Thập Cẩm Chiên Lớn | Thập Cẩm Chiên Nhỏ | Mì xào Tóp Mỡ rim
"MIGAZ - Mì Trộn, Gà Rán & Ăn Vặt - Phạm Thế Hiển","401 Phạm Thế Hiển, P. 3, Quận 8, TP. HCM",4.5,https://shopeefood.vn/ho-chi-minh/migaz-mi-tron-ga-ran-an-vat-pham-the-hien,COMBO: MÌ TRỘN INDOMIE XÚC XÍCH TRỨNG + 1 LY NƯỚC NGỌT (M) | Phô mai que (2 que) | Mì ý bò bằm thịt nguội | Burger Xúc xích Đức trứng | Gà ủ muối hoa tiêu NỬA CON (ăn lạnh) | COMBO: MÌ TRỘN INDOMIE XÚC XÍCH TRỨNG + 1 LY NƯỚC NGỌT (M) | COMBO: MÌ TRỘN INDOMIE GÀ VIÊN SỐT TRỨNG + 1 LY NƯỚC NGỌT (M)
Ba Phi - Súp Cua Gia Truyền - Trường Sa,"158 Trường Sa, P. 1, Bình Thạnh, TP. HCM",4.5,https://shopeefood.vn/ho-chi-minh/ba-phi-sup-cua-gia-truyen-truong-sa,Súp Cua Tóc Tiên ( Lớn ) | Súp Cua Bào Ngư Sò Điệp | Súp Bắc Thảo Thanh Cua | Súp Cua Tóc Tiên Bắc Thảo | Súp Cua Tóc Tiên Thập Cẩm (Lớn) | Súp Cua Tóc Tiên Ba Phi ( nhỏ ) | Súp Cua Tóc Tiên Óc Heo 1/4 Bộ
Mì Trộn Tôm Bò Đặt Biệt Thủ Đức - Đường Số 6,"7 Hẻm 7 Đường Số 6, P. Linh Tây, Thành Phố Thủ Đức, TP. HCM",4.5,https://shopeefood.vn/ho-chi-minh/mi-tron-tom-bo-dat-biet-thu-duc-duong-so-6,MÌ TRỘN TRỨNG LÒNG ĐÀO + BÒ + TÔM + 1 Coca-Cola | MÌ TRỘN TRỨNG LÒNG ĐÀO + THỊT BÒ + 1 Coca-Cola | MÌ TRỘN TRỨNG LÒNG ĐÀO + 1 Coca-Cola | Combo: 2 MÌ TRỘN TRỨNG LÒNG ĐÀO + BÒ + TÔM + 2 Coca-Cola | Combo: 2 MÌ TRỘN TRỨNG LÒNG ĐÀO + 2 Coca-Cola | Coca cola | MÌ TRỘN SẴN
Nhoy Tea - Trà Sữa & Bánh Tráng,"220/18 Âu Cơ, P. 9, Tân Bình, TP. HCM",4.5,https://shopeefood.vn/ho-chi-minh/nhoy-tea-tra-sua-banh-trang,
Ông Tré Foods - Đặc Sản Tré Nem Chả - Đường Số 85,"5/1 Đường Số 85, P. Tân Quy, Quận 7, TP. HCM",4.5,https://shopeefood.vn/ho-chi-minh/ong-tre-foods-dac-san-tre-nem-cha-duong-so-85,"Tré Trộn Chính Gốc (Tặng Bánh Phồng Tôm)- Phần Nhỏ | Combo 3 Chả Thẻ Heo | Nem Chua Huế (Nguyên cây) | Chả Trộn Nem Trứng (Không Có Tré, Tặng Bánh Phồng Tôm) | Tré Trộn Chính Gốc (Tặng Bánh Phồng Tôm)- Phần Lớn | Tré Cây Bó Rơm Chính Gốc (Tré tai heo, Nguyên cây chưa trộn) | Combo 2 Cái Chả Thẻ Bò"
"Bánh Mỳ, Nước Ép & Sinh Tố - NHÀ BÉ ĐẬU - Phạm Hùng","7/16A Phạm Hùng, P. 4, Quận 8, TP. HCM",4.5,https://shopeefood.vn/ho-chi-minh/banh-my-nuoc-ep-sinh-to-nha-be-dau-pham-hung,Bành mỳ thịt chả đặc biệt | Bánh mỳ heo quay | Bánh mỳ thịt chả(ảnh quán tự chụp) | Bánh mỳ chả cá trứng | Bánh mỳ chả cá nóng | Bánh mỳ thịt chả+trứng(ảnh quán tự chụp) | Bánh mỳ trứng ốp la
Uncle’s Ga - Lê Hồng Phong,"438/44 Lê Hồng Phong, P. 1, Quận 10, TP. HCM",4.5,https://shopeefood.vn/ho-chi-minh/uncle-s-ga-le-hong-phong,GÀ SỐT HS- NGỌT KIỂU TRUYỀN THỐNG HÀN | GÀ SỐT CAY HÀN QUỐC | GÀ SỐT CRAMMY- KEM | GÀ SỐT  KHÔNG CAY | GÀ SỐT HONEY CAY | GÀ SỐT BIG M CHEESE NGỌT | GÀ SỐT KEM BƠ TỎI
SIMPLE CAKE - Bánh Kem Bắp - Ung Văn Khiêm,"08 Ung Văn Khiêm, P. 25, Bình Thạnh, TP. HCM",4.5,https://shopeefood.vn/ho-chi-minh/simple-cake-banh-kem-bap-ung-van-khiem,BÁNH SU KEM | BÁNH PHÔ MAI TAN CHẢY | TART TRỨNG | BÁNH SU KEM | MOUSSE SOCOLA NHÂN DÂU (18CM) | ENTREMET CAKE (18CM) | BÁNH ENTREMET TRÁI TIM (14CM)
HAMIN - Matcha Latte - Đường Số 6,"193/38/18A Đường Số 6, Bình Tân, TP. HCM",4.5,https://shopeefood.vn/ho-chi-minh/hamin-matcha-latte-duong-so-6.ljacpb,Hạt nổ củ năng | ĐỪNG VỘI ĐÁNH GIÁ 1⭐️ Ạ | Matcha Latte HARU 700ml | Matcha Jasmine Latte 700ml | Matcha Latte MK4 700ml | Matcha Latte Sữa Half & Half 700ml | Double Matcha Cold Whisk 700ml
Lu Yu Tea - Trà Sữa Olong Đặc Sản - Thạch Lam,"24 Thạch Lam, P. Phú Thạnh, Tân Phú, TP. HCM",4.5,https://shopeefood.vn/ho-chi-minh/lu-yu-tea-tra-sua-olong-dac-san-thach-lam,HỒNG TRÀ SỮA LU YU | TRÀ Ô LONG LÀI SỮA | TRÀ SỮA Ô LONG SEN ĐÀI LOAN | TRÀ Ô LONG SỮA HẠNH NHÂN | Ts Olong Lài TC Trà(L) | TRÀ Ô LONG LÀI SỮA TRÂN CHÂU | TRÀ SỮA Ô LONG SEN TRÂN CHÂU TRÀ
Ốc Hấp & Hàu Nướng Quỳnh Vy - Nguyễn Thị Định,"174 Nguyễn Thị Định, P. Bình Trưng Tây, Thành Phố Thủ Đức, TP. HCM",4.5,https://shopeefood.vn/ho-chi-minh/oc-hap-hau-nuong-quynh-vy-nguyen-thi-dinh,Ốc giấy nướng mắm bơ 1 con to | Ốc giấy nướng tiêu xanh ngon lắm mấy anh ⭐⭐ | Ốc giấy nướng muối ớt cay tê tái tâm hồn ⭐⭐ | Ốc giấy nướng mỡ hành 1 con to ⭐⭐ | cá saba nướng muối ớt giấy bạc ngon hết nước chấm | cá saba nướng muối ớt giấy bạc ngon hết nước chấm | 2 con cá saba nướng muối ớt giấy bạc
Cơm Gà Mắm Tỏi & Mì Sủi Cảo - 103,"103/34 Nguyễn Thị Thập, P. Tân Phú, Quận 7, TP. HCM",4.5,https://shopeefood.vn/ho-chi-minh/com-ga-mam-toi-mi-sui-cao-103,MÌ KHÔ BÒ VIÊN + SÚP | HỦ TIẾU KHÔ BÒ VIÊN - SÚP | HỦ TIẾU KHÔ XÁ XÍU + SÚP | MÌ SỦI CẢO - SOUP BÒ VIÊN | Cơm Xá Xíu Ốp La + Soup | Cơm Lạp Xưởng Ốp La + Soup | Cơm Chả Cá Ốp La + Soup
Lẩu Bò Quang Khải - Hồ Hảo Hớn,"60 Hồ Hảo Hớn, P. Cô Giang, Quận 1, TP. HCM",4.5,https://shopeefood.vn/ho-chi-minh/lau-bo-quang-khai-ho-hao-hon,Lẩu bò nhỏ | Lẩu Bò Vừa | Lẩu Thái Chua Cay (nhỏ) | Gù Bò Chiên Tỏi | Bò Nướng Tỏi | Lá Xách Thêm | Đuôi Bò Thêm
Bánh Tráng Thủy Phước - Bánh Tráng Trộn & Nước Ép - Vườn Lài,"43/21/1b Vườn Lài, P. An Phú Đông, Quận 12, TP. HCM",4.5,https://shopeefood.vn/ho-chi-minh/banh-trang-thuy-phuoc-banh-trang-tron-nuoc-ep-vuon-lai,Bánh tráng phơi sương trộn sa tế cay 2 trứng bò đỏ | Bánh mì nướng muối ớt | Bánh tráng nướng | 100gr bánh tráng tròn phơi sương+hũ muối béo | Bánh tráng phơi sương cuốn lòng đào sốt muối béo | Bánh tráng cuốn chấm sốt me bơ | Bánh tráng lụi sốt me bơ
Bánh Giò Câu Đố - Bánh Giò Chả Heo Đà Nẵng,"11 Huyền Quang, P. Tân Định, Quận 1, TP. HCM",4.5,https://shopeefood.vn/ho-chi-minh/banh-gio-cau-do-banh-gio-cha-heo-da-nang,Bánh bột lọc lá - Set 2 cái nguyên lá | Bánh giò chả heo Đà Nẵng | Bánh giò 2 trứng nhân thịt nấm | Bánh giò chả heo nhiều chả | COMBO Giò-Chả-Lọc | Xu xoa | Bánh bột lọc lá - Set 5 cái
Đen Đá Cafe - Trà Sữa & Trà Đào - Lê Văn Sỹ,"110 Lê Văn Sỹ, P. 10, Phú Nhuận, TP. HCM",4.5,https://shopeefood.vn/ho-chi-minh/den-da-cafe-tra-sua-tra-dao-le-van-sy,Cụp-ple Cà phê ( Cà phê sữa Gia Lai + Cộng Hoà bạc xỉu ) | Cụp-ple Trà sữa( Trà sữa vớ Hongkong+ Trà sữa vớ King Olong) | Cụp-ple Trà trái cây ( Trà lài thơm chanh dây + Trà Olong dâu dằm ) | Trà Phong Lan Mơ Màng + Thạch Quýt | Trà Sữa Phong Lan + Trân Châu Cốm | Cafe Gia Lai Sữa Đá | Iced Caramel Machiato
Súp Cua Vương Gia - Điểm Tâm & Ăn Vặt,"306 Bà Hạt, P. 9, Quận 10, TP. HCM",4.5,https://shopeefood.vn/ho-chi-minh/sup-cua-vuong-gia-diem-tam-an-vat,3 trứng cút | Súp Cua Thập Cẩm (nhỏ) | Súp Cua Thập Cẩm (lớn) | Súp Cua Gia Truyền | Súp Cua + cồi điệp 5 cái | Súp Cua Óc Heo (nhỏ) | Súp Cua 1 Bắc Thảo
Há Cảo & Dimsum - Cô Yến - Linh Xuân,"38 Đường 4, Khu Phố 3, Khu Tái Định Cư, P. Linh Xuân, Thành Phố Thủ Đức, TP. HCM",4.5,https://shopeefood.vn/ho-chi-minh/ha-cao-dimsum-co-yen-linh-xuan,7 hoành  Thánh Chiên Giòn | 10 Há Cảo Ngủ  Sắc size mini | 10  Viên Há Cảo  Tôm size mini | 10 Viên  Há Cảo Thịt  siz mini | Bánh  xếp  bánh lớn | 5 Bánh Xếp  (ViP )  Tặng Kèm Nước Sốt | 10  Bánh Xếp  (ViP) Tặng kèm Sốt
PHỐ ĐÊM QUÁN - MÓN ĂN 3 MIỀN - 135 THOẠI NGỌC HẦU,"135 Thoại Ngọc Hầu, P. Phú Thạnh, Tân Phú, TP. HCM",4.5,https://shopeefood.vn/ho-chi-minh/pho-dem-quan-mon-an-3-mien-135-thoai-ngoc-hau,
Chill - Trà Sữa & Trà - Đặng Thuỳ Trâm,"23/36 Đặng Thuỳ Trâm, P. 13, Bình Thạnh, TP. HCM",4.5,https://shopeefood.vn/ho-chi-minh/chill-tra-sua-tra-dang-thuy-tram,COMBO 6 Cái Panna Cotta Mix Đủ Vị | SĐT: 097.456.3610 | Hồng Trà Sữa Mini | Hồng Trà Sữa | Trà Sữa Thái Xanh | Trà Sữa Phô Mai Viên | Trà Sữa Socola
Chakura Bar - Matcha Latte - Quận 1,"8B Lương Hữu Khánh, P. Phạm Ngũ Lão, Quận 1, TP. HCM",4.5,https://shopeefood.vn/ho-chi-minh/chakura-bar-matcha-latte-quan-1.ng4pcd,Cafe Hazelnut | Cafe oatmilk | Egg Cafe | Houjicha Latte | Houjicha Egg Cheese | Houjicha Mango | Matcha Latte Oatmilk
Tiệm Bánh Hoàng Sơn - Cách Mạng Tháng 8,"412B Cách Mạng Tháng 8, Quận 3, TP. HCM",0.0,https://shopeefood.vn/ho-chi-minh/tiem-banh-hoang-son-cach-mang-thang-8.sba06v,Bánh cua phô mai | Bánh kem tiramisu . 4 loại | 6 hộp kem tiramisu . Scl .trà xanh .... | tiramisu | 2 ly kem tiramisu | Bông lan cuộn chà bông gà cay | Bánh kem bắp
KHÔITEA - Trà Sữa Sạch - Đường Số 14,"78A Đường Số 14, P. Bình Hưng Hoà A, Bình Tân, TP. HCM",4.5,https://shopeefood.vn/ho-chi-minh/khoi-tea-tra-sua-sach,NƯỚC ĐÁ BI - BỊT SIZE 24CM | COMBO 4 Ly Hồng Trà Không Topping - Size L | COMBO / 2 LY HỒNG TRÀ TRÂN CHÂU - SIZE L | Trà  Sữa Thập Cẩm - Size L | Trà Sữa Trân Châu - Size L | Trà Sữa Thạch Phô Mai - Size L | Trà Sữa Thập Cẩm 3Q - Size L
KT FOOD Gà Ủ Muối Hoa Tiêu,"54 Đường Số 27, P. Hiệp Bình Chánh, Thành Phố Thủ Đức, TP. HCM",4.5,https://shopeefood.vn/ho-chi-minh/kt-food-ga-u-muoi-hoa-tieu,Gà Ủ Muối 1/2 Con + Tặng Trà Trái Cây | Gà Ủ Muối Nguyên Con ( Chặt Sẵn ) + Tặng Trà Trái Cây | Gà Ủ Muối 1/2 Con ÔM TRỨNG + Tặng Trà Trái Cây | 2 Con Gà Ủ Muối Hoa Tiêu ( Chặt Sẵn ) + Tặng Trà Trái Cây | HỘP LỚN Chân Gà Rút Xương Ủ Muối Hoa Tiêu + Sốt Chấm Dưa Leo Đồ Chua Ăn Kèm | HỘP LỚN Chân Gà Rút Xương Ủ Muối Hoa Tiêu + Tặng Trà Trái Cây | HỘP LỚN Chân Gà Rút Xương Ủ Muối Hoa Tiêu + Sốt Chấm Dưa Leo Đồ Chua Ăn Kèm
Quán A Thuỷ - Bánh Tráng Tóp Mỡ Lòng Đào & Bánh Tráng Nướng,"78A Phan Huy Ích, P. 15, Tân Bình, TP. HCM",4.5,https://shopeefood.vn/ho-chi-minh/quan-a-thuy-banh-trang-top-mo-long-dao-banh-trang-nuong,Cuốn Bơ Trộn | Cuốn Bơ Trộn Khô Bò | Cuốn Bơ Trộn Tóp Mỡ | Cuốn Thập Cẩm (10 Cuốn) | Bánh tráng cuốn thập cẩm | Bánh Tráng Phơi Sương Rìa Muối Nhuyễn | Bánh tráng Phơi Sương Rìa Muối Bò
"Bánh Mì Mập - Thịt Chả - Huỳnh Mẫn Đạt, Bình Thạnh","11a Huỳnh Mẫn Đạt, P. 19, Bình Thạnh, TP. HCM",4.5,https://shopeefood.vn/ho-chi-minh/banh-mi-map-thit-cha-huynh-man-dat-binh-thanh,
Yến Sào Lục Nguyên - Yến Chưng Tươi CN 2 - Chu Văn An,"334/64/19A Chu Văn An, Bình Thạnh, TP. HCM",0.0,https://shopeefood.vn/ho-chi-minh/yen-sao-luc-nguyen-yen-chung-tuoi-cn-2-chu-van-an.2mbfqe,Yến chưng Set 6 hũ 100ml | GIẢM GIÁ ĐẶC BIỆT- COMBO LỤC NGUYÊN | 6 hũ yến chưng 100ml- GIÁ GiẢM | Yến chưng Đường phèn+ Long nhãn+ Táo đỏ | Yến chưng hũ 100ml | Yến chưng đường phèn+ hạt sen+ gừng | Yến chưng tươi hủ Kid 75ml
Như Ý - Cá Viên Chiên & Trà - Đường Số 5,"51A Đường Số 5, P. 17, Gò Vấp, TP. HCM",4.5,https://shopeefood.vn/ho-chi-minh/nhu-y-ca-vien-chien-tra-duong-so-5,Combo các viên chiên đại | Combo các viên chiên siêu đại - mix tá lả đủ món | Chả cá sốt mayonaise - 4viên | Cá viên - 4viên | Đậu Hủ Cá PhoMai - 2viên | Bò viên - 4viên | Hoành Thánh Gói Trứng Cút  - 6 Miếng
"A CHIM - Gà, Vịt & Giò Heo Nướng Lá Mắc Mật","210 An Dương Vương, P. 16, Quận 8, TP. HCM",5.0,https://shopeefood.vn/ho-chi-minh/a-chim-ga-vit-gio-heo-nuong-la-mac-mat,Vịt nướng lá Mắc mật 1/2 con | 1/2 giò heo Nướng lá mắc mật  700g | Vịt Nướng Lá Mắc Mật Nguyên Con | 1/2 Giò heo Nướng lá mắc mật | Giò heo nướng lá mắc mật Nguyên cái | Combo 1 con gà + 1/2 vịt Nướng lá mắc mật | Gà Nướng mật ong
"3 Râu - Gà Rán, Pizza, Trà Sữa & Xiên Que - Phan Văn Trị","558 Phan Văn Trị, P. 7, Gò Vấp, TP. HCM",4.5,https://shopeefood.vn/ho-chi-minh/3-rau-tra-sua-ga-ran-phan-van-tri,Phần Ăn Mỳ Ý Bò Bằm Kèm Gà Rán Và Ly Nước Ngọt | Mì Ý Tôm Sốt Trứng Muối | MÌ Ý THỊT BACON + XÚC XÍCH SỐT TRỨNG MUỐI | Bánh Gạo Lắc Phô Mai Sốt Phô Mai (12v) | Hotdog Xúc Xích Phủ Khoai Tây (1 cây) | [FS] Mì Trộn sốt Mắm Tỏi | 1 Miếng Gà Rán Sốt Kem (Sốt Trứng Muối / Sốt Kem Hành / Sốt Kem Lá Chanh)
LUCKY 14 KITCHEN & BAR,"NX-LP 29, Khu Dân Cư Và Công Viên Phước Thiện, 88 Phước Thiện, Khu phố Phước Thiện, P. Long Bình, Thành Phố Thủ Đức, TP. HCM",4.0,https://shopeefood.vn/ho-chi-minh/lucky-14-kitchen-bar,Oat porrige/Cháo yến mạch | Onion rings/Vòng hành tây chiên xù | Potato wedges/ Khoai tây múi cau | Mashed Potato/Khoai tây nghiền | Buckwheat/Kiều mạch ăn kèm | Oat porrige/Cháo yến mạch | Plain Crepe/Crepe không nhân kèm sốt
"D Cafe - Trà, Trà Sữa và Cà Phê","1211 Đường 3 Tháng 2, P. 6, Quận 11, TP. HCM",4.5,https://shopeefood.vn/ho-chi-minh/d-cafe-tra-tra-sua-va-ca-phe,D Coldbrew Cam Tươi | D Cold Brew Macchiato | D Cold Brew Truyền Thống | D Trà Lài Đác Thơm | D Hồng Trà Sữa | D Ô Long Sữa | D Cà Phê Sữa
Lài Tea - Nguyễn Thị Tú,"97 Nguyễn Thị Tú, X. Vĩnh Lộc B, Bình Chánh, TP. HCM",4.5,https://shopeefood.vn/ho-chi-minh/lai-tea-nguyen-thi-tu,Trà dâu + bánh tráng muối tỏi chill | Trà sữa truyền thống full topping + Bánh tráng muối tỏi chill | Trà sữa truyền thống full topping + Bánh tráng mỡ hành chill | Trà dâu + bánh tráng mỡ hành chill | Bánh tráng muối tỏi | Bánh tráng mỡ hành | TS Truyền Thống Khoai Dẻo (L-700ml)
Lẩu Cua Đồng Mai 1981 Thảo Điền - Đường Số 47,"67 Đường Số 47, P. Thảo Điền, Thành Phố Thủ Đức, TP. HCM",4.5,https://shopeefood.vn/ho-chi-minh/lau-cua-dong-mai-1981-thao-dien-duong-so-47,Cơm chiên hải sản | Khấu linh xào dưa chua | Ốc Hương Sốt Trứng Muối | Mì xào hải sản | Combo lẩu cua đồng size lớn | Combo lẩu cua đồng size nhỏ | Cơm chiên hải sản
ITEAWON - MÌ CAY & MÌ TRỘN INDOMIE - HUỲNH TẤN PHÁT,"2074/24 Huỳnh Tấn Phát, Nhà Bè, TP. HCM",4.5,https://shopeefood.vn/ho-chi-minh/iteawon-mi-cay-mi-tron-indomie-huynh-tan-phat,| -15k Voucher | | 10x Mực Vòng Nugget | | -15k Voucher | | 120G Gà Popcorn | | -15k Voucher | 2x Lạp Xưởng Nướng Đá/ Chiên | | -15k Voucher | Mì Trộn Indomie Viên Chiên Giòn | | -18k Voucher | Mì Trộn Indomie Ba Chỉ Bò Cuộn | | -15k Voucher | Mì Trộn Indomie Hoa Xúc Xích | | -15k Voucher | Mì Trộn Indomie Gà Popcorn
Gà Nướng Lu A Cường - Ung Văn Khiêm,"392/2 Ung Văn Khiêm, P. 25, Bình Thạnh, TP. HCM",4.5,https://shopeefood.vn/ho-chi-minh/ga-nuong-lu-a-cuong-ung-van-khiem,Combo Gà nướng Tây Nguyên | Combo hạt rẻ 1/2 con Gà Nướng Lu ( Kèm 4 bánh bao) | Gà Nướng Lu Muối Ớt | Gà Nướng Lu Mắm Nhỉ- Ít cay | Combo Gà nướng Tây Nguyên | Gà Nướng Lu Lá Chanh - Siêu cay | Gà Nướng Lu Cô Đơn
Hà Nhi - Bánh Cuốn Nóng - 201 Tạ Quang Bửu,"201 Tạ Quang Bửu, P. 3, Quận 8, TP. HCM",4.5,https://shopeefood.vn/ho-chi-minh/ha-nhi-banh-cuon-nong-201-ta-quang-buu.wzwmjt,Bánh cuốn nóng | Bánh cuốn trứng | Bánh ướt | Bánh cuốn nhân hành phi | Bánh trứng ốp la | Bánh ướt trứng | Thêm 1 cuốn thường
"JUN Foods - Gà Ủ Muối Hoa Tiêu, Chân Gà & Ăn Vặt - Xô Viết Nghệ Tĩnh","124/108 Xô Viết Nghệ Tĩnh, P. 19 , Bình Thạnh, TP. HCM",4.5,https://shopeefood.vn/ho-chi-minh/jun-foods-ga-u-muoi-hoa-tieu-chan-ga-an-vat-xo-viet-nghe-tinh,Gà Ủ Muối Hoa Tiêu - Nửa Con | Gà Ủ Muối Hoa Tiêu - Nguyên Con (bỏ đầu cổ chân) | Combo 1/2 Con Gà Ủ Muối + 500g Chân Gà Rút Xương Ủ Muối - Tặng 1 Pepsi | Combo 1 Con Gà Ủ Muối (bỏ đầu cổ chân) + 500g Chân Gà Ủ Muối - Tặng 1 Pepsi | Gà Ủ Muối Hoa Tiêu - Nửa Con | Gà Ủ Muối Hoa Tiêu - Nguyên Con (bỏ đầu cổ chân) | Gà Ủ Muối Hoa Tiêu - 1/2 Con - Tặng 1 Pepsi
Tiệm Bánh Bà Bông,"181/41 Phan Đăng Lưu, P. 1, Phú Nhuận, TP. HCM",4.5,https://shopeefood.vn/ho-chi-minh/tiem-banh-ba-bong-shop-online,Nước yến ngân nhĩ thanh lọc giải nhiệt 240ml/lon | (Xả kho) Hộp quà nước yến ngân nhĩ hộp 5 lon | Túi xách du lịch Muji chính hãng size A4 | Túi vải sợi đay Muji chính hãng size A3 | Chiết CAROLINA HERRERA 212 SEXY MEN 10ml | Táo Đỏ Samsung Sấy Khô Hàn Quốc Hộp 1kg | Soju Good Day vị Truyền Thống
Cô Loan - Cháo Sườn - Tân Hải,"73/5A Tân Hải, P. 13, Tân Bình, TP. HCM",4.5,https://shopeefood.vn/ho-chi-minh/co-loan-chao-suon-tan-hai,Cháo bào ngư sốt dầu hào | Cháo Sườn Thịt Bằm + Quẩy + Pepsi | Cháo Sườn Thịt Viên + Quẩy + 1 Pepsi | Cháo sườn thịt bằm trứng bắc thảo + Quẩy + nước sâm | Cháo sườn thịt Bằm bò viên + Quẩy + nước sâm | Cháo Sườn Thịt Bằm + Quẩy + Pepsi | Cháo Sườn Thịt Bằm Trứng Bắc Thảo + Quẩy + Pepsi
"Quán Cơm Phần - Cơm Sườn, Hủ Tiếu & Bò Kho - Tôn Thất Đạm","62 Tôn Thất Đạm, P.  Bến Nghé, Quận 1, TP. HCM",4.5,https://shopeefood.vn/ho-chi-minh/quan-com-phan-com-suon-hu-tieu-bo-kho-ton-that-dam,Cơm Ếch xào xã ớt | Cơm sụn tai heo Ram | Cơm Gà kho xã ớt/gừng | Cơm Thịt Ba Gọi Kho Tiêu (tộ) | Cơm Cá Hú Kho (tộ) | Cơm Ếch xào xã ớt | Cơm Cá ngừ kho thơm
BONA - MATCHA & COFFEE - NGUYỄN VĂN KHỐI,"162/15 Nguyễn Văn Khối, P. 9, Gò Vấp, TP. HCM",4.5,https://shopeefood.vn/ho-chi-minh/bona-matcha-coffee-nguyen-van-khoi,Cà phê muối | Trà đào | Cà phê sữa | Bạc xỉu | Cà phê muối | Cà phê đen | Sữa tươi cà phê
Trà Sữa Dhi - Hồ Học Lãm,"486A Hồ Học Lãm, P. An Lạc, Bình Tân, TP. HCM",4.5,https://shopeefood.vn/ho-chi-minh/tra-sua-dhi-ho-hoc-lam,Combo Thanh Vị 59K_2 Ly | Combo Thanh Vị 59K_2 Ly | Matcha Latte - Dhi (L) | Matcha Latte Kem Cheese - Dhi (L) | Sữa Tươi Đường Đen Đậu Biếc - Dhi (L) | Trà Sữa Đậu Biếc Ngọc Trai - Dhi (L) | Trà Sữa Đậu Biếc Kem Cheese - Dhi (L)
Trà Sữa Cộng Đồng - 34 Hậu Giang,"34 Hậu Giang, P. 2, Quận 6, TP. HCM",4.5,https://shopeefood.vn/ho-chi-minh/tra-sua-cong-dong-hau-giang,Trà Lài Mãng Cầu | Trà Nhãn Khúc Bạch | Hồng Trà Anh Đào | Trà Lài Đác Thơm | Trà Lài Nhãn | Trà Lài Vải | Trà Lài Dưa Lưới
Ăn Vặt Cá Mập - Nguyễn Văn Săng,"2 Nguyễn Văn Săng, P. Tân Sơn Nhì, Tân Phú, TP. HCM",4.5,https://shopeefood.vn/ho-chi-minh/an-vat-ca-map-nguyen-van-sang,"Trà Dành Cho Cú Đêm - Size 500ml | Trà Thải Độc Gan - Size 500ml | Trà Dưỡng Nhan Làm Đẹp - Size 500ml | Trà Giải Cảm - Size 500ml | Trà Toả Hương Cơ Thể - Size 500ml | 1. Nem Chả Tré Trộn | Bánh Tráng Trộn (Nhiều Trứng Cút, Khô Bò)"
Cháo Sườn Ngọc Bích - Nguyễn Hồng Đào,"91/14 Nguyễn Hồng Đào, P. 14, Tân Bình, TP. HCM",4.5,https://shopeefood.vn/ho-chi-minh/chao-suon-ngoc-bich-nguyen-hong-dao,Cháo Trắng - Hột Vịt Muối (Cháo Có vị mặn + béo của nước sườn) | Cháo Trắng - Chà Bông (Cháo Có vị mặn + béo của nước sườn) | Combo Cháo Thập Cẩm Đặc Biệt | Combo Cháo Sườn-Thịt Bằm-Trứng Cút Rim Lớn | Combo Cháo Sườn-Thịt Bằm Lớn | Combo Cháo Sườn-Thịt Bằm-Trứng Bắc Thảo Lớn | Combo Cháo Trắng - Hột Vịt Muối (Có vị mặn + béo của nước sườn)
Domino’s Pizza - Quốc Hương,"14G Quốc Hương, P. Thảo Điền, Thành Phố Thủ Đức, TP. HCM",4.5,https://shopeefood.vn/ho-chi-minh/domino-s-pizza-quoc-huong,"MUA 1 PIZZA CỠ 9"", MUA 1 PIZZA CỠ 7""/ BUY 1 PIZZA SIZE 9"" GET 1 PIZZA SIZE 7"" 1.000Đ | MUA 1 PIZZA CỠ 12"", MUA 1 PIZZA CỠ 7""/ BUY 1 PIZZA SIZE 12"" GET 1 PIZZA SIZE 7"" 1.000Đ | Happy Deal Combo | Best Friends Combo | Big Party Combo | Combo Yêu Thương/ Gift of Love Combo | MUA 1 PIZZA CỠ 9"", MUA 1 PIZZA CỠ 7""/ BUY 1 PIZZA SIZE 9"" GET 1 PIZZA SIZE 7"" 1.000Đ"
Cà Ri Gà Ta Nam Bộ & Hủ Tiếu Sa Đéc Gà Ta - Thoại Ngọc Hầu,"314 Thoại Ngọc Hầu, P. Phú Thạnh, Tân Phú, TP. HCM",4.5,https://shopeefood.vn/ho-chi-minh/ca-ri-ga-ta-nam-bo-hu-tieu-sa-dec-ga-ta-thoai-ngoc-hau,Cà ri gà ta (Size nhỏ) | Phao câu gà ta 3 cái | Cà ri gà ta (mini) | Cà ri gà ta Đặc Biệt - 1 người dùng | Cà ri gà ta (1 người dùng) | Cà ri gà ta - 1 người ăn | Cà ri gà ta Nam Bộ - 1 người dùng
Trái Cây Cắt Sẵn Vui Vẻ Fruit - Điện Biên Phủ,"511a Điện Biên Phủ, P. 3, Quận 3, TP. HCM",4.5,https://shopeefood.vn/ho-chi-minh/trai-cay-cat-san-vui-ve-fruit-dien-bien-phu,Dưa Lưới Đài Loan | Sắn gọt sẵn hộp 350gr | Trà Bí Đao Hạt Chia Ly 700ml | Táo Xanh Hộp 350 Gr | Trái Cây Thập Cẩm Hộp 600gr | Xoài Hộp 350gr | Xoài Non hộp 350gr
Cá Viên Chiên Mèo Ú - Đường Số 8,"78 Đường Số 8, P. 11, Gò Vấp, TP. HCM",4.5,https://shopeefood.vn/ho-chi-minh/ca-vien-chien-meo-u-duong-so-8,Combo cá viên vừa+ TặngLy Hồng Trà Dâu | Combo cá viên  khổng lồ+ ly hồng trà dâu | Cá viên sốt Mayonaise 2 viên sốt | Bánh gà - 1 bánh | Mì trộn thập cẩm size vừa | Mì trộn Mèo ú đặc biệt + 1 hồng trà nhỏ | Mì trộn xúc xích
"Cơm Gà, Cháo Gỏi & Miến Gà Đất Quảng Quán - Bùi Đình Tuý","16 Bùi Đình Túy, P. 25, Bình Thạnh, TP. HCM",4.5,https://shopeefood.vn/ho-chi-minh/com-ga-chao-goi-mien-ga-dat-quang-quan-bui-dinh-tuy,Combo Mì Quảng Ngon Chuẩn Vị Đất Quảng + trà tắc | Combo Ăn Ngon Rẻ: gỏi + cháo 1 người ăn & 2 trà tắc thanh mát | Cháo Gà Ta Thả Vườn Cực Ngon & Trà Tắc Thanh Mát | Miến Măng Gà Ngon Thơm | Mì Quảng Ngon Chuẩn Vị Đất Quảng | Cháo Gà Ta Thả Vườn Cực Ngon | Bún Măng Gà Ta Số 1
Nem Nướng D'ran Since 1968 - Healthy & Fresh - Hoàng Hoa Thám,"30/1 Hoàng Hoa Thám, P. 12, Tân Bình, TP. HCM",4.5,https://shopeefood.vn/ho-chi-minh/nem-nuong-d-ran-since-1968-healthy-fresh-hoang-hoa-tham,Phần 1 Người - Nem Nướng D'ran - Healthy & Fresh | Phần Đặc Biệt - Gấp đôi nem | Phần 1 Người + Bánh Gạo Phô Mai | Combo 1 Nem Nướng D'ran + Rau Câu | (Combo 2) Nem nướng Phần 2 người + 2 Rau Câu Tứ Vị | Combo 3: Nem nướng D'ran phần 3 người + 3 rau câu | Combo 4:  Nem nướng D'ran phần 4 người + 4 rau câu
"Tiệm Bánh Thanh Tùng - Bánh Kem Bắp, Bánh Sinh Nhật & Bánh Ngọt - 148 Tân Hoà Đông","148 Tân Hoà Đông, P. 14, Quận 6, TP. HCM",4.5,https://shopeefood.vn/ho-chi-minh/tiem-banh-thanh-tung-banh-kem-bap-banh-sinh-nhat-banh-ngot-148-tan-hoa-dong,Bánh mì hoa cúc | Phô mai dừa (5 cái) | Chà bông xốt trứng muối (5 cái) | Bánh mì hoa cúc mặn | Bánh kem bắp (size16) #02 | Bento cake (giao mẫu ngẫu nhiên có sẵn) | Bánh sinh nhật (size16) #08
A.C Food - Gà Ủ Muối Hoa Tiêu & Chân Gà Rút Xương Sốt Thái,"228/18 Nguyễn Thượng Hiền, P. 1, Gò Vấp, TP. HCM",4.5,https://shopeefood.vn/ho-chi-minh/a-c-food-ga-u-muoi-hoa-tieu-kho-ga-la-chanh-pham-van-dong,01 ống cơm lam hấp nóng ăn kèm muối đậu phộng | (1/2 con) Gà Ủ Muối Hoa Tiêu + 01 cơm lam hấp nóng | 500gr chân gà rút xương ủ muối | (Nguyên con) Gà Ủ Muối Hoa Tiêu + 01 cơm lam hấp nóng | (Nguyên con ôm trứng) Gà Ủ Muối Hoa Tiêu | Chân gà rút xương ủ muối hoa tiêu 1 khay 500g - Có nước chấm và dưa leo ăn kèm | [Chặt sẵn] Gà ủ muối hoa tiêu - Nửa con - Có nước chấm và dưa leo ăn kèm
"Rau Má Mix, Ăn Vặt & Nước Ép - Nguyên Hồng","64/23 Nguyên Hồng, P. 1, Gò Vấp, TP. HCM",4.5,https://shopeefood.vn/ho-chi-minh/rau-ma-mix-an-vat-nuoc-ep-nguyen-hong,Sâm Rong Biển La Hán Quả | Trà Sữa Trân Châu | Hồng Trà/Hồng Trà Tắc Thạch Trân Châu Ly 700ml | Trà ÔLong Kem Trứng Ly 700ml | Rau Má Nguyên Chất | Rau má mix đậu xanh sữa | Sâm Rong Biển La Hán Quả
Gà Rán Chicken Plus - Nguyễn Thái Sơn,"185 Nguyễn Thái Sơn, P. 4, Gò Vấp, TP. HCM",4.5,https://shopeefood.vn/ho-chi-minh/ga-ran-chicken-plus-nguyen-thai-son,Gà Nửa Con Xốt Ngũ Vị | Gà Nửa Con Truyền Thống | Gà Nửa Con Xốt Kem Hành | Gà Nửa Con Xốt Phô Mai Cay | Gà Nửa Con Xốt Tỏi Stamina | Gà Nửa Con Xốt Hoàng Kim | Gà Nửa Con Sweet Sauce
Korea House - Đồ Ăn Hàn Quốc Và Cơm Trộn - Võ Thị Nhờ,"487/8C Võ Thị Nhờ, P. Tân Thuận Đông, Quận 7, TP. HCM",4.5,https://shopeefood.vn/ho-chi-minh/korea-house-do-an-han-quoc-va-com-tron-vo-thi-nho,Kimbab truyền thống | Kimbab truyền thống | Chả cá sốt cay | Tokbukki | Cơm thố cháy giòn heo chiên xù bơ tỏi | Miến trộn chả cá | Cơm thố cháy giòn bò sốt bơ tỏi
Đẫm - Mì Ý & Cơm Chiên - Shop Online,"130/39 Phạm Văn Hai, P. 2, Tân Bình, TP. HCM",4.5,https://shopeefood.vn/ho-chi-minh/dam-mi-y-com-chien-shop-online,Gà chiên xù (Chicken milanese) | Salad bò(kiểu Thái) | Khoai Tây chiên sốt bò bằm cheese | Khoai tây chiên | Salad tôm sốt mayo(Shrimp salad) | Khoai Tây lắc phô mai | Phở xào bò áp chảo
Bánh Mì Hà Nội Thủy Tiên - Phạm Văn Đồng,"294 Phạm Văn Đồng, P. 1, Gò Vấp, TP. HCM",4.5,https://shopeefood.vn/ho-chi-minh/banh-mi-ha-noi-thuy-tien-pham-van-dong,bánh mì thịt chả Đặc Biệt | Bánh mì Heo Quay | Bánh mi CHẢ CÁ | Bánh mi chả cá _trứng ốp | Bánh mì ốp la trứng | BÁNH MÌ CHẢ CÁ ĐẶC BIỆT THÊM | Bánh mi Chả Hà Nội
"Lẩu 1 Người Hot Chill - Lẩu, Mỳ Cay & Ăn Vặt - Lê Thị Hà","34/1C Lê Thị Hà, Khu Phố 8, TT. Hóc Môn, Hóc Môn, TP. HCM",4.5,https://shopeefood.vn/ho-chi-minh/lau-1-nguoi-hot-chill-lau-my-cay-an-vat-le-thi-ha.h96j7h,LẨU THÁI HẢI SẢN | LẨU BA CHỈ BÒ MỸ CUỘN NẤM KIM CHÂM | LẨU ĐẦU CÁ HỒI | LẨU BA CHỈ BÒ MỸ | LẨU CÁ DIÊU HỒNG | LẨU BẠCH TUỘC | LẨU RAU NẤM
Phương Phương - Hột Vịt Lộn - Hoàng Hoa Thám,"190 Hoàng Hoa Thám, P. 5, Phú Nhuận, TP. HCM",4.5,https://shopeefood.vn/ho-chi-minh/phuong-phuong-hot-vit-lon-hoang-hoa-tham,Hột Vịt Lộn | Hột Gà Nướng | Hột Vịt Dữa Nước | Trứng Cút Lộn Xào Me -10 Trứng | Trứng Cút Lộn -10 Trứng | Hột Vịt Lộn Xào Me - 2Trứng | Trứng Cút Lộn Xào Bơ Tỏi -10 Trứng
Tiệm Hàu Nướng - 320B Phạm Hùng,"320B Phạm Hùng, Quận 8, TP. HCM",5.0,https://shopeefood.vn/ho-chi-minh/tiem-hau-nuong-320b-pham-hung.nngeuo,Hàu Hấp Sả Gừng | Có trục trặc nhỏ? Gọi 0912971371 liền nha. | Combo Hàu Hấp Sả Đặc Biệt - 1KG | Combo Hàu 3 Vị Béo Ngậy - Best Seller | Combo Hàu 6 Vị Siêu Hời | Combo Hàu Nướng Đậm Đà | Combo Hàu Mix Đặc Biệt
Sarang Mì - Trần Thị Nghỉ,"26 Trần Thị Nghỉ, Gò Vấp, TP. HCM",4.5,https://shopeefood.vn/ho-chi-minh/sarang-mi-tran-thi-nghi.vx1fpt,Cha Chang Mien ( size nhỏ ) | Cha Chang Mien ( size lớn ) | Mì Lạnh Nước | Mì Lạnh Trộn | Tokbokki | Kumandu ( size nhỏ ) | Kumandu ( size lớn )
Cơm Gà Út Hà - Nguyễn Văn Đậu,"47/64 Nguyễn Văn Đậu, P. 5, Bình Thạnh, TP. HCM",4.5,https://shopeefood.vn/ho-chi-minh/com-ga-ut-ha-nguyen-van-dau,CƠM GÀ SỐT MẮM TỎI | Cơm Trứng Ốp La Và Xúc Xích Chiên | 2 CƠM GÀ SỐT CAY + 2 Trà Đào Sả Detox | Combo Cơm Gà Chiên Mắm Tỏi và Trà Đào sả Detox 500ml | Combo Gà Mắm Tỏi Nhỏ và Trà Đá | CƠM GÀ SỐT MẮM TỎI NHỎ | CƠM GÀ SỐT CAY NHỎ
Bún Đậu Mắm Tôm Ba Anh Em - 42 Nguyễn Gia Trí,"42 Nguyễn Gia Trí, P. 25, Bình Thạnh, TP. HCM",4.5,https://shopeefood.vn/ho-chi-minh/bun-dau-mam-tom-ba-anh-em-42-nguyen-gia-tri,Combo Siêu Hời ( 2-3 người dùng) | Combo Đoàn Kết ( 4-5  người dùng ) | Combo Cuốn Đầy Đủ ❤️(dành  2-3 người ) | Combo Cuốn Thập Cẩm ❤️( 1 người ) | Combo Cuốn  No Nê❤️( dành cho 4-5 người ) | Top 5 Bún Đậu Thập Cẩm + 1 Trà Tắc❤️ | Top 2 Combo 2 Tá Lả 2 Người + 2 Trà Tắc ❤️
A ĐẠT - Cháo Ếch & Cháo Mực Singapore,"652 Âu Cơ, P. 10, Tân Bình, TP. HCM",4.5,https://shopeefood.vn/ho-chi-minh/a-dat-chao-ech-chao-muc-singapore,Cháo Ếch Phần 2 Con Vị Truyền Thống | Cháo Ếch Phần 2 Con Vị  Sa Tế Cay Nồng | Cháo Ếch Phần 1 Con sa tế cay nhẹ | Cháo Ếch Phần 1 Con sa tế cay nồng | Cháo Ếch Phần 1 Con Vị Truyền Thống Không Cay | Cháo Ếch Phần 2 Con Vị Sả Ớt Cay | Cháo Ếch Phần 3 Con Truyền Thống
Mì Cay Tito - Phan Văn Năm,"65 Phan Văn Năm, P. Phú Thạnh, Tân Phú, TP. HCM",4.5,https://shopeefood.vn/ho-chi-minh/mi-cay-tito-phan-van-nam,5 viên cá viên loại ngon | Viên thả lẩu nhân trứng tôm 3v | 5 viên Tôm viên loại ngon | Viên thả lẩu nhân trứng cá 3v | Viên thả lẩu nhân trứng muối 3v | 1 ly coca | Coca
"Cơm Gà, Beef Steak & Bánh Mì Chảo - Mạc Thị Bưởi","73 Mạc Thị Bưởi, P. Bến Nghé, Quận 1, TP. HCM",4.5,https://shopeefood.vn/ho-chi-minh/com-ga-beef-steak-banh-mi-chao-mac-thi-buoi,"Cơm Má Gà Góc Tư Mắm Tỏi ( văn phòng ) | Cơm Má Gà Góc Tư sốt mắm tỏi  - Flushing Fat Chicken , Rice | Mì Gói Bò Viên (5 cục nhỏ) - Instant Noodle with Beef ball | Hủ Tiếu Bò Viên ( 5 cục nhỏ ) - Rice Noodle Beef Ball | Phở Bò Viên ( 5 cục nhỏ) - Pho Beef Ball | Cơm Má Gà Góc Tư Mắm Tỏi ( văn phòng ) | Bánh Mì thêm"
Cá Viên Chiên & Cơm Chiên - Mì Trộn Sài Gòn,"119/2 Đường Số 7, P. 3, Gò Vấp, TP. HCM",4.5,https://shopeefood.vn/ho-chi-minh/ca-vien-chien-com-chien-mi-tron-sai-gon,Cơm chiên gà mắm tỏi | Cơm chiên da gà chiên giòn mắm tỏi | Cơm chiên gà xối mỡ | Cơm chiên dương châu | Cơm chiên bò xào | Mì xào bò | Mì trộn da gà mắm tỏi trứng
Bánh Xèo Bình Định - 238 Lê Đức Thọ,"238 Lê Đức Thọ, P. 6, Gò Vấp, TP. HCM",4.5,https://shopeefood.vn/ho-chi-minh/banh-xeo-binh-dinh-238-le-duc-tho,Combo 3 Bánh Xèo Tôm Thịt | Bánh Xèo Tôm + Thịt | Combo 3 Bánh Xèo Tôm Thịt | Bánh Xèo Bò | Bánh Xèo Ốp La | Combo: 5 Bánh Xèo Tôm Thịt + 5 Bánh Xèo Ốp La + 5 Ram Tôm | Bánh Xèo Ốp La Bò 2 Cái
Cơm Trộn - Đồ Ăn Vặt - Bé Ú,"719/48/6 Huỳnh Tấn Phát, P. Phú Thuận, Quận 7, TP. HCM",4.5,https://shopeefood.vn/ho-chi-minh/com-tron-do-an-vat-be-u,Cơm Trộn Đặc Biệt + Trà Tắc ⭐ | Mì Trộn Đặc Biệt + Trà Tắc ⭐ | CƠM TRỘN BÒ NGON ⭐ | CƠM TRỘN XÁ XÍU NGON ⭐ | MÌ TRỘN BÒ NGON ⭐ | MÌ TRỘN XÁ XÍU NGON ⭐ | Cơm Trộn Bò + Trà Tắc ⭐
Newdays Japanese Matcha Cafe - Trần Huy Liệu,"194 Trần Huy Liệu, P. 15, Phú Nhuận, TP. HCM",4.5,https://shopeefood.vn/ho-chi-minh/newdays-japanese-matcha-cafe-tran-huy-lieu,Matcha parfait | Anmitsu nhiệt đới 350ml | Viên Gạo Nếp | Matcha Kanshi | Matcha Gelato | The 2 Best Seller | The 2 Ice Cream
A Chú Bì - Sủi Cảo - Trương Vĩnh Ký,"31 Trương Vĩnh Ký, P. Tân Thành, Tân Phú, TP. HCM",4.5,https://shopeefood.vn/ho-chi-minh/a-chu-bi-sui-cao-truong-vinh-ky.x4xtug,Bánh snack chiên chấm sốt chua ngọt | SỦI CẢO CHIÊN SỐT CHUA NGỌT | Sủi cảo khô sốt dầu hào | Sủi cảo chiên sốt phô mai | Sủi cảo sa tế Tứ Xuyên | Cảo hoành cá viên đậu hủ phô mai sốt dầu hào | Sủi cảo cá viên sốt dầu hào
Múp - Chè Dừa Nước - Đường 65,"Hẻm 22, 22/9 Đường 65, P. Thảo Điền, Thành Phố Thủ Đức, TP. HCM",4.5,https://shopeefood.vn/ho-chi-minh/mup-che-dua-nuoc-duong-65,Múp Hotline | Sâm Lục Hạ Tứ Vị | Sâm Phục Linh Ngũ Vị | Trà Tắc MÚP | Trà Quất Bạc Hà | Chùm Ruột Ngào Đường | Trà Hồng Chùm Ruột
Tiệm Ăn Vặt TO - Bánh Tráng Tự Trộn - Tỉnh Lộ 10,"673/8C Tỉnh Lộ 10, P. Bình Trị Đông B, Bình Tân, TP. HCM",4.5,https://shopeefood.vn/ho-chi-minh/tiem-an-vat-to-banh-trang-tu-tron-tinh-lo-10,Bánh tráng xì ke | Bánh tráng chiên | Bánh pate chiên | Bánh tráng chấm muối tắc | Bánh tráng cuốn trứng cút bơ | Bánh tráng trộn thập cẩm | Bánh tráng cuốn trứng cút chấm me
Cá Viên Chiên - Ăn Vặt Chị Ngoại - Quốc Lộ 13,"204/12A1 Quốc Lộ 13, P. 26, Bình Thạnh, TP. HCM",4.5,https://shopeefood.vn/ho-chi-minh/ca-vien-chien-an-vat-chi-ngoai-quoc-lo-13,Combo Nhỏ Sốt Mắm Tỏi + kèm 1ly Coca hoặc 1ly Trà Tắc | Combo Vừa Mắm Tỏi + 2ly Coca hoặc 2ly Trà tắc | Combo Nhỏ Chiên Giòn + 1ly Coca hoặc 1ly Trà tắc | Combo Vừa Chiên Giòn + 2ly Coca hoặc 2ly Trà tắc | Combo Lớn Sốt Mắm Tỏi + 2ly Coca hoặc 2ly Trà tắc | Combo Lớn chiên Giòn + 2ly Coca hoặc 2ly Trà tắc | NEM RÁN HÀ NỘI 3 CÂY
Ruby House - Matcha Latte & Pana Cota Đủ Vị - 22/43 Đường Số 4,"22/43 Đường Số 4, P. Bình Hưng Hòa, Bình Tân, TP. HCM",4.5,https://shopeefood.vn/ho-chi-minh/ruby-house-matcha-latte-pana-cota-du-vi-22-43-duong-so-4,Matcha latte | Matcha kem muối | Matcha Cold Whisk | Matcha dâu | Matcha đào | Matcha khoai môn | Khoai môn latte
Đậu Đậu Food - Mì Trộn Indomie & Cá Viên Chiên Nước Mắm - Lãnh Binh Thăng,"241/58 Lãnh Binh Thăng, P. 12, Quận 11, TP. HCM",4.5,https://shopeefood.vn/ho-chi-minh/dau-dau-food-mi-tron-indomie-ca-vien-chien-nuoc-mam-lanh-binh-thang,Mì Trộn Indomie Bò Viên | Mì Trộn Indomie Tôm Viên | Mì thêm | Trứng  ốp la | Cá Viên Chiên Nước Mắm (Combo Tiết Kiệm 4k) | Combo Cá Viên Chiên Thường Thập Cẩm (Tiết Kiệm 6k) | Combo Cá Viên Chiên Thường Thập Cẩm (Tiết Kiệm 2k)
Khô Bò Ngon Ngon - Shop Online,"158/6 Huỳnh Mẫn Đạt, P. 3, Quận 5, TP. HCM",4.5,https://shopeefood.vn/ho-chi-minh/kho-bo-ngon-ngon-shop-online,Khô Bò Hồng Ngự Giòn (250gr) | Khô Bò Que Dai Mềm (250gr) | Khô Bò Viên Lúc Lắc (250gr) | Khô Bò Phúc Lộc Thọ (500gr) | Khô Gà Bơ Tỏi Giòn Cay (250gr) | Khô Gà Giòn Lá Chanh (250gr) | Khô Heo Cháy Tỏi (300gr)
Chú Rùa - Cơm Gà & Miến Trộn Hàn Quốc - Nguyễn Thị Thập,"27/21 Nguyễn Thị Thập, Quận 7, TP. HCM",4.5,https://shopeefood.vn/ho-chi-minh/chu-rua-com-ga-mien-tron-han-quoc-nguyen-thi-thap.zwnrxn,"Bún gạo xào bò, trứng | Mì xào bò, trứng | Nui xào bò, trứng | Cơm phi lê cá Ba Sa sốt chanh dây | Cơm phi lê cá Ba Sa sốt bơ tỏi | Cơm phi lê cá Ba Sa sốt cam | Cơm phi lê cá Ba Sa sốt tiêu đen"
Cá Viên Chiên TINA - Lê Đức Thọ,"1416/33A Lê Đức Thọ, P. 13, Gò Vấp, TP. HCM",4.5,https://shopeefood.vn/ho-chi-minh/ca-vien-chien-tina-le-duc-tho,Cá Viên Chiên | Phô Mai Que Sữa | Khoai Tây Chiên | Combo Cá Viên Thập Cẩm Nhỏ Truyền Thống | Combo Cá Viên Thập Cẩm Lớn Truyền Thống | Combo Cá Viên Thập Cẩm Nhỏ Sốt Mắm Tỏi | Combo Mì Xào Xiên Que Sốt Mắm Tỏi
Unknown Name,,,https://shopeefood.vn/ho-chi-minh/tran-food-ga-u-muoi-hoa-tieu-le-duc-tho,
Phở Trang - Đường 17,"203 Đường 17, P. Tân Quy, Quận 7, TP. HCM",4.5,https://shopeefood.vn/ho-chi-minh/pho-trang-duong-17,"Phở tái | Phở Đặc Biệt | Phở tái, nạm, bò viên | Phở tái, bò viên | Phở tái, nạm | Phở Gà | Phở tái, bằm em bé"
Bếp Nhà Lanh Tống - Thế Giới Ăn Vặt - Phú Thọ Hoà,"466/10/1 Phú Thọ Hoà , P. Phú Thọ Hòa, Tân Phú, TP. HCM",4.5,https://shopeefood.vn/ho-chi-minh/bep-nha-lanh-tong-the-gioi-an-vat-phu-tho-hoa,Combo 15 Viên Cá Bò Tôm Giảm 50% | Combo 15 Viên Cá Bò Tôm Giảm 50% | Combo Cá Viên Chiên Thập Cẩm Phần Nhỏ | Combo Cá Viên Chiên Sốt Mắm Tỏi Phần Nhỏ | Combo Cá Viên Chiên Sốt Thái Phần Nhỏ | Combo Cá Viên Chiên Sốt Mắm Tỏi Phần Lớn | Combo Cá Viên Chiên Sốt Thái Phần Lớn
Hotdog Xúc Xích Đức - Thienan Homemade Food - Nguyễn Thượng Hiền,"200 Nguyễn Thượng Hiền, P. 5, Phú Nhuận, TP. HCM",4.5,https://shopeefood.vn/ho-chi-minh/hotdog-xuc-xich-duc-thienan-homemade-food-nguyen-thuong-hien,2 x HOTDOG + Đồ uống | HOTDOG + KHOAI + Đồ uống | 2 x KHOAI + Đồ uống | S3 - CÂY Xúc Xích Phô Mai KASEWURST | S1 - CÂY Xúc Xích Dài FRANKFURTER | S4 - CÂY Xúc Xích Bia Cay TEXAS HOTLINKS | H3 - HOTDOG Xúc Xích Phô Mai KASEWURST
KAI Coffee - Đường Số 07,"115 Đường Số 07, P. Bình Trị Đông B, Bình Tân, TP. HCM",4.5,https://shopeefood.vn/ho-chi-minh/kai-coffee-duong-so-07,Coffee with Milk | Pink Grapefruit Tea | White Coffee | Fresh Fruit Tea | Coffee with Milk | Green Tea Latte | White Coffee
Unknown Name,,,https://shopeefood.vn/ho-chi-minh/pasta-go,
Ẩm Thực 186 - Lê Văn Thịnh,"186 Lê Văn Thịnh, P. Cát Lái, Thành Phố Thủ Đức, TP. HCM",4.5,https://shopeefood.vn/ho-chi-minh/am-thuc-186-le-van-thinh,"Tôm Càng Cháy Tỏi | Tôm Càng Rang Me (0,5kg) | Tôm Càng Hấp Bia (0,5kg) | Tôm Càng Nướng Mọi (0,5kg) | Tôm Càng Nướng Muối Ớt (0,5kg) | Tôm Càng Sốt Bơ Tỏi (0,5kg) | Tôm Càng Sốt Trứng Muối (0,5kg)"
Xiên Food - Thiên Đường Ăn Vặt - Lê Văn Lương,"447 Lê Văn Lương, Quận 7, TP. HCM",4.5,https://shopeefood.vn/ho-chi-minh/xien-food-thien-duong-an-vat-le-van-luong,"C1 Viên Cơ Bản | C3 Viên Đủ Loại | C2 Viên Hải Sản | C5 Hà Nội Phố | C4 Gà 5 Sao | C6 ""Nhậu"" Lai Rai | Combo 1 Bánh Xèo + 10 Bánh Khọt (Nhân tự chọn)"
Nem Nướng Nha Trang Since 1979,"TK14/4 Bến Chương Dương, P. Cầu Kho, Quận 1, TP. HCM",0.0,https://shopeefood.vn/ho-chi-minh/nem-nuong-nha-trang-since-1979,Nem nướng nha trang + Trà tắc | Nem nướng thịt bắp + Coca | Nem nướng dồi sụn + Coca | Nem nướng xúc xích + Trà tắc | Nem nướng xúc xích + Coca | Nem nướng nha trang + Coca | Nem nướng dồi sụn + Trà tắc
Cơm Chay Minh Lộc,"31B Tôn Thất Thuyết, P. 18, Quận 4, TP. HCM",4.5,https://shopeefood.vn/ho-chi-minh/com-chay-minh-loc,Đậu hũ kho nước Tương thêm | Chả Lụa Chay Loại Ngon - 500g | Cơm thập cẩm 3 món  - kèm canh | Cơm đậu hủ nấm kho - | Cơm sườn non chiên nước mắm | Cơm nấm kho | Cơm mì căn phá lấu
Súp Bào Ngư Vi Cá Hải Sâm Nguyễn Lân Food - Súp Bào Ngư & Vi Cá  - Thoại Ngọc Hầu,"122/11 Thoại Ngọc Hầu, P. Phú Thọ Hòa, Tân Phú, TP. HCM",4.5,https://shopeefood.vn/ho-chi-minh/sup-bao-ngu-vi-ca-hai-sam-nguyen-lan-food-sup-bao-ngu-vi-ca-thoai-ngoc-hau,Súp Bào Ngư Hải Sâm Đại Bổ VIP | Súp Gà Ác tiềm Đông Trùng Hạ Thảo | Bộ muỗng đũa dùng Súp | Súp Bào Ngư Đại Bổ | Súp Bào Ngư Vi Cá Đại Bổ | Súp Bào Ngư Hải Sâm Đại Bổ | Súp Bào Ngư Hải Sâm Đại Bổ VIP
Quán Cơm Gà Mắm Tỏi 1208 - Nguyễn Văn Quá,"1208 Nguyễn Văn Quá, P. Tân Thới Hiệp, Quận 12, TP. HCM",4.5,https://shopeefood.vn/ho-chi-minh/quan-com-ga-mam-toi-1208-nguyen-van-qua,Cơm Gà góc tư mắm tỏi đặc biệt | Cơm gà góc tư sốt ngọt đặc biệt | Cơm gà góc tư sốt cay đặc biệt | Cơm gà góc tư sốt siêu cay đặc biệt | Cơm gà góc tư xối mỡ đặc biệt | Cơm Gà góc tư mắm tỏi đặc biệt | Cơm gà góc tư sốt ngọt đặc biệt
"ASUN TEA - Matcha, Trà Sữa & Trà Trái Cây","12E Cư Xá Phú Bình, Lạc Long Quân, P. 5, Quận 11, TP. HCM",4.5,https://shopeefood.vn/ho-chi-minh/asun-tea-matcha-tra-sua-tra-trai-cay,Kyoto Houjicha Latte | Kyoto Matcha Latte Meiji | Kyoto Matcha Latte Oatside | Kyoto Matcha Latte Trái Cây | Matcha Latte Tuyết Lục | Matcha Latte Oatside | Matcha Latte Trái Cây
Mai - Bún Riêu Cua & Canh Bún - 287/31 Nguyễn Đình Chiểu,"287/31 Nguyễn Đình Chiểu, Quận 3, TP. HCM",4.5,https://shopeefood.vn/ho-chi-minh/mai-bun-rieu-cua-canh-bun-287-31-nguyen-dinh-chieu,Bún riêu cua | Canh bún | Bún riêu cua | Canh bún | Huyết thêm | Riêu  thêm | Ốc Thêm
CHÂN GÀ SỐT THÁI ĐỆ NHẤT,"40 Đường Số 4, Khu Phố 3, Khu Tái Định Cư, P. Linh Xuân, Thành Phố Thủ Đức, TP. HCM",4.5,https://shopeefood.vn/ho-chi-minh/chan-ga-sot-thai-de-nhat,8 Chân Gà Hấp Hành Tặng kèm nước sốt | Chân Gà xút xương hấp hành phần lớn tặng kèm nước sốt | 1 Ly Trà Tắc Siêu To Khủng lồ | 7  Cái Chân Gà Ủ Muối tặng kèm nước sốt. Rau dưa | Chân Gà Ủ Muối  tặng kèm nước sốt | Chân Gà Sốt Thái (size mini)(6 7 Chân) | Chân Gà Sốt Thái size( vừa 10 chân)
CÁ VIÊN CHIÊN ĐẠI TIẾN PHÁT,"25A Đường 27, P. Hiệp Bình Chánh, Thành Phố Thủ Đức, TP. HCM",4.5,https://shopeefood.vn/ho-chi-minh/ca-vien-chien-dai-tien-phat,Tương Đỏ Thêm - 1 Hủ | Tương Đen Thêm - 1 Hủ | XIN THÔNG BÁO | Combo Cá Viên Chiên VỪA + 2 Hủ Tương | Combo Cá Viên Chiên NHỎ + 2 Hủ Tương | Combo Cá Viên Chiên KHỔNG LỒ + 3 Hủ Tương | Combo Cá Viên Chiên LỚN + 3 Hủ Tương
Nước Ép 100 Vị - Nguyễn Đình Chiểu,"596/1A Nguyễn Đình Chiểu, P. 3, Quận 3, TP. HCM",4.5,https://shopeefood.vn/ho-chi-minh/nuoc-ep-100-vi-nguyen-dinh-chieu,Sinh tố (B1) Chuối- Dâu Tây- Việt Quất- Cải Tím- Yến Mạch | Sinh tố (P2) Chanh dây- Xoài- Dâu- Bí đỏ- Yến Mạch | Nước Ép thơm | Nước Ép dưa hấu | Nước Ép ổi đào | Nước Ép cam | Nước Ép cà chua
Nhà Cua CN4 - Cua Cà Mau Chế Biến - Phạm Văn Chiêu,"237/32/79 Phạm Văn Chiêu, P. 14, Gò Vấp, TP. HCM",4.5,https://shopeefood.vn/ho-chi-minh/nha-cua-cn4-cua-ca-mau-che-bien-pham-van-chieu,Cua hấp 2 con size vừa | Cua sốt hoàng kim 2 con size vừa | Cua sốt cay Singapore 2 con size vừa | 1 CUA THỊT SIZE 200-240gram/con | Cua sốt me 2 con size vừa | Cua hấp 3 con size vừa | Cua sốt tiêu đen 2 con size vừa
Sữa Hạt - Hai Người Bạn - Huỳnh Tấn Phát,"1135/55/7 Huỳnh Tấn Phát, P. Phú Thuận, Quận 7, TP. HCM",0.0,https://shopeefood.vn/ho-chi-minh/sua-hat-hai-nguoi-ban-huynh-tan-phat,Sữa Hạt Sen | Sữa Hạnh Nhân | Tẩy Đá | Combo 10 bịch | Thanh Cua | Cá Viên Mayonnaise 3v | Bánh tráng Chấm muối sặc
"Meow House - Ăn Vặt, Trà Sữa & Trà Trái Cây - Đình Phong Phú","261/15/19/10 Đình Phong Phú, Thành Phố Thủ Đức, TP. HCM",5.0,https://shopeefood.vn/ho-chi-minh/meow-house-an-vat-tra-sua-tra-trai-cay-dinh-phong-phu.bk3l4x,Coco đại dương | Coco galaxy | Coco choco | Coco matcha | Trà sữa truyền thống | Sữa tươi trân châu đường đen | Trà sữa khoai môn
Nem Nướng & Chả Lụi - Đức Vân,"805 Tỉnh Lộ 43, Khu Phố 5, P. Tam Bình, Thành Phố Thủ Đức, TP. HCM",4.5,https://shopeefood.vn/ho-chi-minh/nem-nuong-cha-lui-duc-van,"Nem Nướng phần đặc biệt (nhiều nem,ram) | Phần nem phên ram giòn cơ bản | Chả Lụi Cơ Bản | Nem Nướng phần đặc biệt (nhiều nem,ram) | Nem thêm"
Gà Ủ Muối Hoa Tiêu & Chân Gà Ủ Muối - JUN Foods,"49 Ni Sư Huỳnh Liên, P. 10, Tân Bình, TP. HCM",4.5,https://shopeefood.vn/ho-chi-minh/ga-u-muoi-hoa-tieu-chan-ga-u-muoi-jun-foods,Gà Ủ Muối Hoa Tiêu - Nửa Con | Gà Ủ Muối Hoa Tiêu - Nguyên Con (bỏ đầu cổ chân) | Combo 1/2 Con Gà Ủ Muối + 500g Chân Gà Rút Xương Ủ Muối - Tặng 1 Pepsi | Combo 1 Con Gà Ủ Muối (bỏ đầu cổ chân) + 500g Chân Gà Ủ Muối - Tặng 1 Pepsi | Gà Ủ Muối Hoa Tiêu - Nửa Con | Gà Ủ Muối Hoa Tiêu - Nguyên Con (bỏ đầu cổ chân) | 500g Chân Gà Rút Xương Ủ Muối - Tặng 1 Pepsi
Hủ Tiếu Nam Vang Nhân Quán - Cách Mạng Tháng 8,"122D Cách Mạng Tháng 8, P. 7, Quận 3, TP. HCM",4.5,https://shopeefood.vn/ho-chi-minh/hu-tieu-nam-vang-nhan-quan-nguyen-thi-minh-khai,Hủ Tiếu Nam Vang (khô) | Hủ Tiếu Nam Vang (thường) | Hủ Tiếu Nam Vang (đặc biệt) | Hủ Tiếu Nam Vang (nhỏ) | Mì Nam Vang Khô (đặc biệt) | Hủ Tiếu Nam Vang Khô (đặc biệt) | Mì Nam Vang (thường)
GENKI - Trà Sữa & Cà Phê - Ngô Thời Nhiệm,"87 Ngô Thời Nhiệm, P. Võ Thị Sáu, Quận 3, TP. HCM",4.5,https://shopeefood.vn/ho-chi-minh/genki-tra-sua-ca-phe-ngo-thoi-nhiem,Sữa dừa thạch củ năng lá dứa | Trà sữa thạch củ năng lá dứa | Matcha tàu hũ | Nước Long Nhãn size L | Sữa chua dâu tằm hoàng kim | Cà phê cốt dừa sương sáo | Trà thiên bảo
Trà Sữa Chút Tea - Số 11 Trần Thị Điệu,"11 Trần Thị Điệu, P. Phước Long B, Thành Phố Thủ Đức, TP. HCM",4.5,https://shopeefood.vn/ho-chi-minh/tra-sua-chut-tea-so-11-tran-thi-dieu,"Trà Sữa Thập Cẩm 4 Loại Topping(Size1.000mL) | Trà Dâu Ngọc Trai + Thạch (Size L) | Trà Trái Cây Nhiệt Đới (Size L) | Trà Chuối Vị Rất ""Chuối"" | Trà Xoài Chanh Leo(Size L) | Trà Dưa Lưới (Size L) | Trà Hoa Hibiscus-Bụt Giấm Đỏ(Size L)"
Trà Trái Cây 30/4 - Vạn Kiếp,"163 Vạn Kiếp, P. 13, Bình Thạnh, TP. HCM",4.5,https://shopeefood.vn/ho-chi-minh/tra-trai-cay-30-4-van-kiep,Trà Tắc Xí Muội (500ml) | Trà Cóc (500ml) | Trà Dưa Hấu (500ml) | Mix Nhãn Thái - Táo Đỏ (500ml) | Trà Nhiệt Đới (500ml) - Best Seller | Trà Xoài Chanh Dây (500ml) - Best Seller | Trà Atiso (500ml) - Best Seller
Trà Sữa & Trà Trái Cây Sẩm Tea,"76/13B Nguyễn Sơn, P. Phú Thọ Hòa, Tân Phú, TP. HCM",4.5,https://shopeefood.vn/ho-chi-minh/tra-sua-tra-trai-cay-sam-tea,"Do Trời Mưa Bão Không Có Shipper, Khách Đặt Đơn Vui Lòng Đợi Tài Nhận Giúp Quán Hoặc Liên Hệ Quán Ạ | Trời mưa không có ship khách LH 0765726161 giúp quán nha | Trà Sữa Kem Trứng | Truyền Thống Sốt P.Mai Trắng Dẻo | Trà Sữa Thái Xanh Sốt Phô Mai Trắng Dẻo | Trà Sữa Thái Xanh Kem Trứng | Trà Sữa Khoai Môn Sốt Phô Mai Trắng Dẻo"
"Street Food - Gà Rán Pizza, Hamburger - Chiến Lược","361 Chiến Lược, P. Bình Trị Đông A, Bình Tân, TP. HCM",4.5,https://shopeefood.vn/ho-chi-minh/street-food-ga-ran-pizza-hamburger-chien-luoc,Gà Xốt | Set 2 Gà Rán Truyền Thống | Cánh gà | Tiệc Vui Vẻ | Pizza phô mai | Burger Gà Thượng Hạng | Burger xúc xích
ASASIN - Mì Cay 8 Cấp Độ,"42/11 Đường Số 19, P. 8, Gò Vấp, TP. HCM",4.5,https://shopeefood.vn/ho-chi-minh/asasin-mi-cay-8-cap-do,"Mì Lẩu Cay (Tự Chọn Topping) | Tặng Phần Phô Mai Viên | Combo: 2 Mì Cay Thập Cẩm No Nê + 2 Pepsi 360ml | COMBO: 2 MÌ CAY BÒ MỸ + 2 PEPSI 360ml | COMBO: 1 MÌ CAY BÒ - 1 MÌ CAY 2 TÔM, XÚC XÍCH, CÁ VIÊN + 2 PEPSI 360ml | COMBO: 2 MÌ XÀO CAY THẬP CẨM NO NÊ + 2 PEPSI 360ml | COMBO: 2 MÌ CAY THƯỢNG HẠNG + 2 LY PEPSI360ML"
Bánh Tráng Trộn - Đồ Ăn Vặt Cô Diễm,"36/4 Tân Trụ, P. 15, Tân Bình, TP. HCM",4.5,https://shopeefood.vn/ho-chi-minh/banh-trang-tron-do-an-vat-co-diem,Cá viên chiên thập cẩm bơ tỏi size vừa | Trứng cút chiên( 10 trứng) | Bò viên chiên (15 viên) | Khoai tây chiên size lớn(200g) | Cá viên chiên thập cẩm bơ tỏi size lớn | Tôm viên (15 viên) | Combo đùi gà rán vây K*fC+khoai tây chiên +nước coca hoặc (7up)
Sành Ăn Quán 38 - Mì Xào Trứng Muối,"158/40 Nguyễn Văn Đậu, P. 7, Bình Thạnh, TP. HCM",4.5,https://shopeefood.vn/ho-chi-minh/sanh-an-quan-38-mi-xao-trung-muoi,Combo Salad trộn ngũ hạt sốt mayonaise ( hộp nhỏ) + 1 Trà dưa lưới | Salad trộn sốt mè rang bò lúc lắc - hộp lớn | Salad trộn sốt trứng muối bò lúc lắc - hộp lớn | Salad trộn sốt dầu giấm bò lúc lắc | Salad trộn sốt mè rang trứng lòng đào + tôm nõn - 4 con( hộp lớn) | Salad trộn sốt mè rang bò lúc lắc + trứng chiên - hộp lớn | Salad trộn sốt trứng muối tôm mix ngũ hạt - 4 con ( hộp lớn)
Cơm Thố Anh Nguyễn - Dương Bá Trạc (Quận 8),"28/66 Dương Bá Trạc, P. 2, Quận 8, TP. HCM",4.5,https://shopeefood.vn/ho-chi-minh/com-tho-anh-nguyen-duong-ba-trac-quan-8,Combo Bữa Trưa giảm 40% | No Nê 2 Thố - Ngon Khó Cưỡng | No Say Ngất Ngây - Giảm 30% | Hotline hỗ trợ 0234.888.9933 | Hotline quán 038.551.9933 | Thố Đặc Biệt Bò + Gà + Xíu + Trứng | Cơm Thố Xá Xíu
Lều Coffee & Tea - Cafe Muối & Trà Sữa Olong - Đường Số 17,"149 Đường số 17, P. Tân Quy, Quận 7, TP. HCM",4.5,https://shopeefood.vn/ho-chi-minh/leu-coffee-tea-cafe-muoi-tra-sua-olong-duong-so-17,"Trà Sữa Ô Long Lài Trân Châu | Trà Sữa Khoai Môn | Trà Sữa TÀU HỦ Khoai Môn | MATCHA Yến Mạch | Trà Sấu ""Trút Sầu"" | Cafe Muối | Cà Phê Muối Bạc Hà"
July Coffee & Tea - Tây Hoà,"112/4 Đường Tây Hoà, P. Phước Long A, Thành Phố Thủ Đức, TP. HCM",4.5,https://shopeefood.vn/ho-chi-minh/july-coffee-tea-tay-hoa,Cafe Muối Caramel | Cafe Hạnh Nhân | Matcha Latte Đài | TRÀ VẢI HOA HỒNG | Mọi chuyện đều có cách giải quyết | Cafe Muối Caramel | Cafe Sữa
Ăn Vặt BiBo - Cá Viên Chiên - Chung Cư Phường 3,"M07 Lô B5 Chung Cư Phường 3, Quận 4, TP. HCM",4.5,https://shopeefood.vn/ho-chi-minh/an-vat-bibo-ca-vien-chien-chung-cu-phuong-3.aeeplk,Combo Nhẹ Nhàng | Combo Phong Phú | Combo Đầy Đủ | Combo Thịnh Soạn | Combo Thượng Hạng | Số (2) Mì indomie trứng 3 topping | Số (1) Mì Indomie trứng  3 topping
Royaltea - Trần Hưng Đạo,"391TK44/23 Trần Hưng Đạo, P. Cầu Kho, Quận 1, TP. HCM",4.5,https://shopeefood.vn/ho-chi-minh/royaltea-tran-hung-dao,Trà sữa Olong nướng trân châu đen - size L | Trà sữa Olong nướng trân châu đen - size M | Trà sữa Olong nướng trân châu trắng - size M | Trà sữa Olong nướng trân châu cake cream - size L | Trà sữa Olong nướng Đặt Biệt Full topping - size L | Trà sữa Olong nướng - size L | Trà sữa Olong nướng cheese - size L
Trà Sữa Sekai - Bà Hạt,"344 Bà Hạt, P.9, Quận 10, TP. HCM",4.5,https://shopeefood.vn/ho-chi-minh/tra-sua-sekai-ba-hat,Trà Đào (L) | Trà Cóc Mơ (L) | Bí Đao Sữa Sương Sáo XL | Sữa Tươi Yến Mạch Đường Đen (L) | Trà Sữa Trân Châu Đen XL | Hồng Trà Tắc Mật Ong XL | Trà Sữa Trân Châu Trắng XL
Tiệm Bánh Susan Bakery,"42A Đường 783 Tạ Quang Bửu, P. 4, Quận 8, TP. HCM",4.5,https://shopeefood.vn/ho-chi-minh/tiem-banh-susan-bakery,
Quán Hột Vịt Lộn Gia Nhi - Thích Quảng Đức,"171B Thích Quảng Đức, P. 4, Phú Nhuận, TP. HCM",4.5,https://shopeefood.vn/ho-chi-minh/quan-hot-vit-lon-gia-nhi-thich-quang-duc,Hột vịt lộn | Hột vịt dữa | Hột gà nướng | Cút lộn xào me .10 trứng | Cút lộn | Vịt lộn xào me.2 trứng | Bắp xào Nhỏ
Gà Ủ Muối Hoa Tiêu Lộc Phát - Sư Vạn Hạnh,"207/11A Sư Vạn Hạnh, P. 9, Quận 10, TP. HCM",4.5,https://shopeefood.vn/ho-chi-minh/a-l-food-ga-u-muoi-hoa-tieu-su-van-hanh,ComBo 1 Khay Gà 1/2 Con ( Chặt ) + 1 Khay Chân Rút Xương 500G+ 1 Chai Nước Tự Chọn Kèm 4 Hũ Sốt Chấm | ComBo 2 Con Gà Ủ Muối Hoa Tiêu Nguyên Con ( Chặt Sẵn ) + Tặng 1 Chai Nước Tự Chọn+ Kèm 6 Hũ Sốt Chấm | ComBo 2 Khay Gà Ủ Muối 1/2 Con ( Chặt Sẵn ) + Tặng 1 Chai Nước Tự Chọn + Kèm 3 Hũ Sốt Chấm | ComBo 2 Khay Chân Gà 500G + Tặng 1 Chai Nước Tự Chọn + Kèm 4 Hũ Sốt Chấm Muối Hoa Tiêu | Gà Ủ Muối Hoa Tiêu 1/2 Con ( Chặt Sẵn ) + Kèm 2 Hũ Sốt Chấm Muối Hoa Tiêu | Gà Ủ Muối Hoa Tiêu Nguyên Con ( Chặt Sẵn ) + Kèm 4 Hũ Sốt Chấm Muối Hoa Tiêu | Chân Gà Ủ Muối Hoa Tiêu Rút Xương Khay 500G + Kèm 2 Hũ Sốt Chấm Muối Hoa Tiêu
Bún Đậu Mắm Tôm Sóng Biển - Trần Văn Đang,"159/86 Trần Văn Đang, P. 11, Quận 3, TP. HCM",3.5,https://shopeefood.vn/ho-chi-minh/bun-dau-mam-tom-song-bien-tran-van-dang,Bún đậu thập cẩm+ Trà tắc | Bún đậu thập cẩm+ coca chai | Bún đậu chả cốm+ Trà tắc | Bún đậu tá lả + Trà tắc | Bún đậu tá lả + Coca chai | Bún đậu chả giò+ Trà tắc | Bún đậu chả cốm+ coca chai
ĐẠI PHÚC FOOD - THỰC PHẨM  - THỐNG NHẤT,"220/42 Thống Nhất, P. 10, Gò Vấp, TP. HCM",4.5,https://shopeefood.vn/ho-chi-minh/dai-phuc-food-thuc-pham-thong-nhat.yxabvs,
Cô Lan - Bún Thịt Nướng & Bột Chiên - Nguyễn Văn Quá,"715/23/1 Nguyễn Văn Quá, P. Đông Hưng Thuận, Quận 12, TP. HCM",4.5,https://shopeefood.vn/ho-chi-minh/co-lan-bun-thit-nuong-bot-chien-nguyen-van-qua,Bún thịt nướng (chả giò + thịt) | Bún thịt nướng ( chỉ có thịt ) | Bún chả giò | Bột chiên 2 trứng | Bột chiên 1 trứng | Nui chiên 2 trứng | Nui chiên 1 trứng
BÚN BÒ SEN - Đường 7A,"3 Đường 7A, P. Long Bình, Thành Phố Thủ Đức, TP. HCM",4.5,https://shopeefood.vn/ho-chi-minh/bun-bo-sen-duong-7a,Bún Bò: Bò Viên | Chả Lá Huế | Bún Bò: Bò Viên | Bún Bò Tái | Bún Bò Nạm | Bún Bò Chả | Bún Bò Gân
Cơm Tấm Đêm Cậu Hai - Dương Quảng Hàm,"112 Dương Quảng Hàm, P. 5, Gò Vấp, TP. HCM",4.5,https://shopeefood.vn/ho-chi-minh/com-tam-dem-cau-hai-duong-quang-ham,Cơm tấm sườn trứng | Cơm tấm ba rọi | Cơm tấm sườn chả trứng | Cơm tấm bì chả | Cơm tấm sườn bì chả trứng | Cơm tấm phần đặt biệt | Cơm  tấm sườn
Fruit Crush - Trái Cây Tươi & Ăn Vặt - Thích Quảng Đức,"35 Thích Quảng Đức, P. 4, Phú Nhuận, TP. HCM",4.5,https://shopeefood.vn/ho-chi-minh/fruit-crush-trai-cay-tuoi-an-vat-thich-quang-duc,HOTLINE : 0377201035 | Set Vitamin Khỏe - Đẹp | Set hoa tulip mix hoa nhí | Nước ép chai 380ml Nguyên Chất | HOT HOT : Trái cây tự chọn | Nước ép ổi | Mắm Ruốc - 1 hũ
Bún Bò - Bún Bò Trộn Cậu Cả CN5 - Đường 59,"15/40/87 Đường 59, P. 14, Gò Vấp, TP. HCM",4.5,https://shopeefood.vn/ho-chi-minh/bun-bo-bun-bo-tron-cau-ca-cn5-duong-59,Bún Trộn Tái | Bún Trộn Bò Viên | Bún Trộn Giò Heo | Bún Trộn Nạm | Bún Trộn Gân | Bún Trộn Chả Huế | Bún Bò Trộn 2 Món Topping
Gà Tần Gia Bảo - 132 Cô Bắc,"132 Cô Bắc, P. Cô Giang, Quận 1, TP. HCM",4.5,https://shopeefood.vn/ho-chi-minh/ga-tan-gia-bao-132-co-bac,"Cánh gà ta tần thuốc bắc, ngải cứu | Cánh gà ta tần thuốc bắc, ngải cứu | Gà ác tiềm thuốc bắc, ngải cứu | 5 chân gà tiềm thuốc bắc, ngải cứu | Óc heo tiềm thuốc bắc, ngải cứu | Gà ta góc tư đùi tần thuốc bắc, ngải cứu | Gà ác tiềm hạt sen, táo đỏ (ko ngải cứu)"
Bún Đậu Nhà Cún,"14/8/10 Đường Số 4, P. Hiệp Bình Chánh, Thành Phố Thủ Đức, TP. HCM",4.5,https://shopeefood.vn/ho-chi-minh/bun-dau-nha-cun,Bún đậu mắm tôm - mẹt nhỏ KHÔNG BÁNH TRÁNG | Bún đậu mắm tôm -mẹt lớn KHÔNG BÁNH TRÁNG | Bún đậu chả cốm | Bún đậu chả mực | Bún đậu đặt biệt fulltopping | Bún đậu Nem chua rán | Bún đậu dồi sụn
Bánh Canh Cua Tôm Tích - Nguyễn Tri Phương,"252 Nguyễn Tri Phương, p. 4, Quận 10, TP. HCM",4.5,https://shopeefood.vn/ho-chi-minh/banh-canh-cua-tom-tich-nguyen-tri-phuong,Bánh trung thu siêu mini thử vị 45g có trứng muối | Bánh canh cua thập cẩm | Bánh canh cua tôm chả thịt | Bánh canh cua tôm tích | Bánh canh đặc biệt giò | Bánh canh đặc biệt cua gạch miếng | Bánh canh đặc biệt càng cua tuyết
Trà Sữa Arilla - Drinks and Bakery,"26A Đường 18, P. 4, Quận 4, TP. HCM",4.5,https://shopeefood.vn/ho-chi-minh/tra-sua-arilla-drinks-and-bakery,Panna cotta | Sữa chúi | Hỗ trợ đơn hàng 0817719719 | Đặt trước 10g sáng liên hệ zalo 0909797966 | Hotdog phô mai tan chảy | Hotdog chà bông gà cay | Bánh Flan Nhà Làm
"Văn Hậu - Bánh, Cơm & Ăn Vặt - Lê Thị Hồng","24/1 Lê Thị Hồng, Gò Vấp, TP. HCM",4.5,https://shopeefood.vn/ho-chi-minh/van-hau-banh-com-an-vat-le-thi-hong,Khoai tây lắc Peri - L 200g | Classic - size M | Classic - size L | French Tacos - Nhỏ 320g | French Tacos - Vừa 500g | Set Taco - Chicken Breast | Khoai tây lắc Peri - M 100g
SunSol BirdNest - Yến Việt Chưng Tươi,"2056/29/3A Huỳnh Tấn Phát, TT. Nhà Bè, Nhà Bè, TP. HCM",5.0,https://shopeefood.vn/ho-chi-minh/sunsol-birdnest-yen-viet-chung-tuoi,Combo 6 chai 150ml Yến Tươi Chưng Nóng | 2 Chén Yến Chưng Tươi 200ml | 8 TẶNG 1 | hũ 75ml | 6 hũ 100ml | 6 chén Yến Chưng Nóng 200ml | 4 Chai 300ml Yến Tươi Chưng Nóng | Quà Tặng 6 Chai 300ml Yến Tươi Chưng Nóng
Lẩu Bò Nhân Ký,"272 Nguyễn Thượng Hiền, P. 5, Phú Nhuận, TP. HCM",0.0,https://shopeefood.vn/ho-chi-minh/lau-bo-nhan-ky,Lẩu Bò 290 - Size Trung | Lẩu Bò 360- Size Lớn
Sâm Nhớ - Nước Sâm - Đào Duy Từ,"16A Đào Duy Từ, Phú Nhuận, TP. HCM",4.5,https://shopeefood.vn/ho-chi-minh/sam-nho-nuoc-sam-dao-duy-tu.mzkirt,Sâm  Bông Cúc | Sâm Bí Đao | Sâm  24 Vị | Nước Sâm Atiso (Nước Đắng) | Sâm Thanh Nhiệt | Sâm Bông Cúc | Nước Sâm Atiso (Nước Đắng)
Ăn Vặt & Cá Viên Chiên Đại Phát - Cách Mạng Tháng Tám,"1054/100 Cách Mạng Tháng Tám ,P.4, Tân Bình, TP. HCM",4.5,https://shopeefood.vn/ho-chi-minh/an-vat-ca-vien-chien-dai-phat-cach-mang-thang-tam,Khoai Tây Chiên Lắc Phô Mai - 1 Phần | Trứng Cút Chiên Lắc Mắm Tỏi | Màn Thầu Chiên Chấm Sữa - 3 Cái | Khoai Lang Kén Hà Nội Lắc Phô Mai | Hoành Thánh Nhân Thịt - Sốt Béo | Thập Cẩm Chiên Sốt Mắm Tỏi - 1 Lục Trà Tắc | Cá Viên Thập Cẩm Sốt Bơ Tỏi - 1 Lục Trà Tắc
Trà Sữa The Cha - Nguyễn Thị Nhỏ,"157 Nguyễn Thị Nhỏ, P. 9, Tân Bình, TP. HCM",4.5,https://shopeefood.vn/ho-chi-minh/tra-sua-the-cha-nguyen-thi-nho,Trà Sữa Thái Xanh | Trà Sữa Thái Đỏ | Trà Sữa Thái Đỏ Đậm Vị | Trà OLong Sữa  Mộc Quế Hoa (L)+Thạch Quế Hoa | Trà OLong Sữa Mộc Quế Hoa (M) + Thạch Quế Hoa | Trà OLong Nhãn Mộc Quế Hoa (L)+ Nhãn Trái+Thạch Quế Hoa) | Trà Sữa Trân Châu
"Tini - Bánh Bột Lọc, Chè Bưởi & Bánh Flan - Shop Online","245/33 C2 Xô Viết Nghệ Tĩnh, P. 17, Bình Thạnh, TP. HCM",4.5,https://shopeefood.vn/ho-chi-minh/tini-banh-bot-loc-che-buoi-banh-flan-shop-online,Bánh Bột Lọc Tôm Thịt Hấp Chín 10 bánh (Vietnamese Tradition ) | TINI BÁNH ÍT TRẦN NHÂN TÔM | Bánh Bột Lọc Tôm Thịt Hấp Chín 10 bánh (Vietnamese Tradition ) | Chả Heo Cây Gói Lá | Bánh Bột Lọc Tôm Thịt Hấp Chín 5 bánh (VietNameses Traditional Cake) | Bánh Bột Lọc Tôm Thịt Sống (Vietnamese Traditional Cake) | Combo : 50 bánh bột lọc sống hút chân không
RIO - Chân Gà Sốt Thái & Bánh Tráng Trộn,"321 Phạm Hùng, X. Bình Hưng (Ngay Hẻm C8), Bình Chánh, TP. HCM",4.5,https://shopeefood.vn/ho-chi-minh/rio-chan-ga-sot-thai-banh-trang-tron,Chân gà rút xương sốt thái (nhỏ) | Chân gà rút xương sốt thái (lớn) | Gân bò sốt thái (nhỏ) | Trứng non lòng đào sốt thái (nhỏ) | Gân bò sốt thái ( lớn) | Trứng non lòng đào sốt thái(lớn) | Râu bạch tuộc sốt thái
Boom - Cà Phê & Trà Sữa - Sữa Tươi Trân Châu Đường Đen - Đường Số 1,"1 Đường Số 1, P. Phước Bình, Thành Phố Thủ Đức, TP. HCM",4.5,https://shopeefood.vn/ho-chi-minh/boom-ca-phe-tra-sua-sua-tuoi-tran-chau-duong-den-duong-so-1,Bánh Tráng Rong Biển Cháy Tỏi - Size Mini | Bánh tráng trộn Sa tế Tỏi - Size Mini | Combo Bánh Tráng Trộn Sate Tỏi + Lục Trà Sủi Bọt - Ăn Ngon siêu tiết kiệm | Combo Bánh Tráng Trộn Sate Tỏi + Hồng Trà Sủi Bọt - Ăn Ngon siêu tiết kiệm | Matcha Oatside | Matcha Latte | Creamy Matcha Latte
AZ - Trà Sữa & Chè Khúc Bạch - Nguyễn Văn Nghi,"84 Nguyễn Văn Nghi, P. 5, Gò Vấp, TP. HCM",4.5,https://shopeefood.vn/ho-chi-minh/az-tra-sua-che-khuc-bach-nguyen-van-nghi,Trà Berry Mãng Cầu (L) | Trà Berry Mọng Đào (L) | Trà Sữa Thái Xanh trân châu đen (M) | Trà Berry Mãng Cầu (L) | Trà Berry Mọng Đào (L) | Bánh Tráng Muối Tỏi AZ | Bánh Tráng Mỡ Hành AZ
Cháo Lòng Cô Tấm - Cháo Lòng Má Heo - 8 Đồng Xoài,"8 Đồng Xoài, P. 13, Tân Bình, TP. HCM",4.5,https://shopeefood.vn/ho-chi-minh/chao-long-co-tam-chao-long-ma-heo-8-dong-xoai.vsgabo,Cháo lòng đặc biệt | Cháo lòng đặc biệt | Cháo lòng thường | Lòng Thập Cẩm Tặng Cháo Huyết ( Khách Ăn Mắm Tôm Ghi Chú Ạ ) | Cháo huyết | Cháo Phèo | Cháo Thịt  Dải
Mix Juice - Nước Ép Tươi - 331 Phan Văn Trị,"331 Phan Văn Trị, P. 11, Bình Thạnh, TP. HCM",4.5,https://shopeefood.vn/ho-chi-minh/mix-juice-nuoc-ep-tuoi-331-phan-van-tri,Nước ép cần tây+thơm+táo | Cần Tây+ Táo | Nước ép cần tây+táo+carot | Ép cam dưa hấu | Day 6: Nước ép lựu+dưa hấu+táo+chanh | Day 2: Nước ép cải kale+bó xôi+dưa leo+gừng+táo | Day 1: Nước ép cần tây+táo+chanh+bạc hà
Phở Bò Xương - Không Bột Ngọt - Hoàng Văn Thụ,"34 Hoàng Văn Thụ, Phú Nhuận, TP. HCM",4.5,https://shopeefood.vn/ho-chi-minh/pho-bo-xuong-khong-bot-ngot-hoang-van-thu,"Chén Trứng | Phở Đặc Biệt ( Tái, Bắp hoa, Gân, Bòviên, Gù bò và Sườn Bò) | Phở Tái - Bò Viên | Phở Tái | Phở Tái - Gân | Phở Tái - Nạm | Phở Sườn Bò"
Trà Sữa & Cá Viên Chiên 144,"144 Phan Anh, P. Tân Thới Hòa, Tân Phú, TP. HCM",4.5,https://shopeefood.vn/ho-chi-minh/tra-sua-ca-vien-chien-144,Cá viên | Trứng cút | Chả cá sốt mayonaise | Bò viên | Hoành thánh chiên nhà làm | Xúc xích | TÀU HỦ PHÔ MAI
Cơm Thố Bụi - 12 Nguyễn Sơn Hà,"12 Nguyễn Sơn Hà, P. 5, Quận 3, TP. HCM",4.5,https://shopeefood.vn/ho-chi-minh/com-tho-bui-12-nguyen-son-ha,Cơm Thố Heo Giòn Teriyaki | Cơm Thố Xá Xíu | Cơm Thố Gà Nướng BBQ Hàn | Cơm Thố Xúc Xích Đức + Ốp La | Cơm Thố Gà Nướng + Xá Xíu | Cơm Thố Xá Xíu + Trứng Ốp La | Cơm Thố Gà Nướng + Ốp La
Trái Cây Sạch & Ăn Vặt - Osaka,"C6/22AC Phạm Hùng, X. Bình Hưng, Bình Chánh, TP. HCM",4.5,https://shopeefood.vn/ho-chi-minh/trai-cay-sach-an-vat-osaka,Mận 500gram + muối tôm | Xoài non 500gram + mắm ruốc | Xoài keo 300gram + muối tôm | Củ sắn 300gram + muối tôm | Dưa hấu 300gram + muối tôm | Thơm 500gram + muối tôm | ĐU ĐỦ CHÍN
1000M - Trà & Trà Sữa Shan Tuyết Thượng Hạng - 33 Hoàng Việt,"33 Hoàng Việt, P. 4, Tân Bình, TP. HCM",4.5,https://shopeefood.vn/ho-chi-minh/1000m-tra-tra-sua-shan-tuyet-thuong-hang-33-hoang-viet,MUA 2 TẶNG 1 | Trà Sữa Shan Tuyết Thượng Hạng 1000M | Trà Sữa Shan Đen Hồng Sương | Mơ Má Đào | Double Cheese Matcha Latte | CẢNH BÁO DỊ ỨNG | MUA 1 TẶNG 1
Teddy House - Cơm Trộn & Tokbokki,"17/2B Ấp Đông 1-2, X. Thới Tam Thôn, Hóc Môn, TP. HCM",4.5,https://shopeefood.vn/ho-chi-minh/teddy-house-com-tron-tokbokki,TRÀ SỮA TRUYỀN THỐNG | TRÀ SỮA THÁI ĐỎ | TRÀ SỮA THÁI XANH | TOKBOKKI TRUYỀN THỐNG | TOKBOKKI XÚC XÍCH PHÔ MAI | TOKBOKKI XÚC XÍCH | CƠM TRỘN HÀN QUỐC
Ăn Vặt Dương Gia & Cá Viên Chiên - Dương Quảng Hàm,"174/12 Dương Quảng Hàm, Gò Vấp, TP. HCM",4.5,https://shopeefood.vn/ho-chi-minh/an-vat-duong-gia-ca-vien-chien-duong-quang-ham,Combo Cá Viên Chiên Nhỏ + Thêm 1 Chai Pepsi | Combo Cá Viên Chiên Phần Lớn + Thêm 1 Chai Pepsi | Combo Cá Viên Chiên Thập Cẩm Nhỏ + Thêm 1 Chai Pepsi | Combo Cá Viên Chiên Thập Cẩm Phần Lớn + Thêm 1 Chai Pepsi | Combo Cá Viên Chiên Thập Cẩm Khổng Lồ + Thêm 1 Chai Pepsi | Combo Cá Viên Sốt Mắm Tỏi Nhỏ | Combo Cá Viên Sốt Mắm Tỏi Phần Lớn
KimCook - Ẩm Thực Hàn Quốc - Vinhomes Grand Park,"S10.01 The Origami Vinhomes Grand Park, Thành Phố Thủ Đức, TP. HCM",4.5,https://shopeefood.vn/ho-chi-minh/kimcook-am-thuc-han-quoc-vinhomes-grand-park.b8htgi,Combo Box 6 Gà Sốt 2 Vị Size L | Combo Box Size M | Combo Box 6 Gà Sốt 3 Vị - KimBap - Mỳ Cay | Combo Box 9 Gà 15 Tok Sốt 3 Vị | Combo Box 9 Gà 15 Tok 2 Khoai | Combo Box Mỳ Gà Ốp La* Phải Thử* | Combo Box Mỳ Gà Ốp La X2 Mỳ
Bánh Tráng Yến Nhân - Nguyễn Du,"143/23 Nguyễn Du, P. 7, Gò Vấp, TP. HCM",4.5,https://shopeefood.vn/ho-chi-minh/banh-trang-yen-nhan-nguyen-du,Dẻo trộn sate (km) | Dẻo trộn sate (km) | Vò mỡ hành muối | Vò sa tế muối | Lá muối mỡ hành | Dẻo cuốn bơ béo trứng lòng đào tốp mỡ sốt me | Lá muối mỡ hành 3trứng
Ashley’s Snack - Huỳnh Tấn Phát,"2266/14/33/13C Huỳnh Tấn Phát, Xã Phú Xuân, Nhà Bè, TP. HCM",4.5,https://shopeefood.vn/ho-chi-minh/ashley-s-snack-huynh-tan-phat,BA RỌI SẤY MẮM TỎI 300GR | MUỐI CHẤM RAU RĂM TIÊU SỌ | MÃNG CẦU CHANH DÂY 500GR | KẸO GỪNG TÁO ĐỎ 500GR | BÁNH SỮA DỪA KHÔ BÉO | ĐÁ ME HẠT CỨNG HŨ 1KG | BÁNH TRÁNG TRỘN TÓP MỠ
CƠM TẤM 365,"1 Võ Oanh, P. 25, Bình Thạnh, TP. HCM",4.5,https://shopeefood.vn/ho-chi-minh/com-tam-365,Housemade Ice tea | Trà Đá Lớn | Cơm Tấm Long Xuyên Cơ bản | Long Xuyen Comtam Style | CƠM TẤM LONG XUYÊN ĐẶC BIỆT 365 | Cơm Tấm Long Xuyên Nâng Cao (+ Lạp xưởng) | Cơm Tấm Sườn Ốp La | Cơm Tấm Sườn Chả | Cơm Tấm Sườn 365
Bún Đậu Mắm Tôm A - Xìn - 130 Lê Trọng Tấn,"130 Lê Trọng Tấn, P. Tây Thạnh, Tân Phú, TP. HCM",4.5,https://shopeefood.vn/ho-chi-minh/bun-dau-mam-tom-a-xin-130-le-trong-tan,Bún Đậu Thập Cẩm | Bún Đậu Đặc Biệt | Bún Đậu | Bún Đậu A. Xìn | Combo 1 (1 Thập Cẩm +  1 Trà Tắc) | Combo 2 (1 Đặc Biệt +1  Trà Tắc) | Combo 4 ( 2 Thập Cẩm + 2 Trà Tắc)
